#
# There is insufficient memory for the Java Runtime Environment to continue.
# Native memory allocation (malloc) failed to allocate 1313616 bytes. Error detail: Chunk::new
# Possible reasons:
#   The system is out of physical RAM or swap space
#   This process is running with CompressedOops enabled, and the Java Heap may be blocking the growth of the native heap
# Possible solutions:
#   Reduce memory load on the system
#   Increase physical memory or swap space
#   Check if swap backing store is full
#   Decrease Java heap size (-Xmx/-Xms)
#   Decrease number of Java threads
#   Decrease Java thread stack sizes (-Xss)
#   Set larger code cache with -XX:ReservedCodeCacheSize=
#   JVM is running with Unscaled Compressed Oops mode in which the Java heap is
#     placed in the first 4GB address space. The Java Heap base address is the
#     maximum limit for the native heap growth. Please use -XX:HeapBaseMinAddress
#     to set the Java Heap base and to place the Java Heap above 4GB virtual address.
# This output file may be truncated or incomplete.
#
#  Out of Memory Error (arena.cpp:168), pid=34788, tid=5676
#
# JRE version: OpenJDK Runtime Environment (21.0.8) (build 21.0.8+-14018985-b1038.68)
# Java VM: OpenJDK 64-Bit Server VM (21.0.8+-14018985-b1038.68, mixed mode, tiered, compressed oops, compressed class ptrs, g1 gc, windows-amd64)
# No core dump will be written. Minidumps are not enabled by default on client versions of Windows
#

---------------  S U M M A R Y ------------

Command Line: --add-opens=java.base/java.lang=ALL-UNNAMED --add-opens=java.base/java.lang.invoke=ALL-UNNAMED --add-opens=java.base/java.util=ALL-UNNAMED --add-opens=java.prefs/java.util.prefs=ALL-UNNAMED --add-exports=jdk.compiler/com.sun.tools.javac.api=ALL-UNNAMED --add-exports=jdk.compiler/com.sun.tools.javac.util=ALL-UNNAMED --add-opens=java.base/java.util=ALL-UNNAMED --add-opens=java.prefs/java.util.prefs=ALL-UNNAMED --add-opens=java.base/java.nio.charset=ALL-UNNAMED --add-opens=java.base/java.net=ALL-UNNAMED --add-opens=java.base/java.util.concurrent.atomic=ALL-UNNAMED --add-opens=java.xml/javax.xml.namespace=ALL-UNNAMED -Xmx2048m -Dfile.encoding=UTF-8 -Duser.country=US -Duser.language=en -Duser.variant -javaagent:C:\Users\Muhammad Ali\.gradle\wrapper\dists\gradle-8.13-bin\5xuhj0ry160q40clulazy9h7d\gradle-8.13\lib\agents\gradle-instrumentation-agent-8.13.jar org.gradle.launcher.daemon.bootstrap.GradleDaemon 8.13

Host: Intel(R) Core(TM) i5-8350U CPU @ 1.70GHz, 8 cores, 15G,  Windows 11 , 64 bit Build 26100 (10.0.26100.7309)
Time: Sun Jan 11 20:00:47 2026 Pakistan Standard Time elapsed time: 32.739394 seconds (0d 0h 0m 32s)

---------------  T H R E A D  ---------------

Current thread (0x0000021dfb6a3450):  JavaThread "C2 CompilerThread1" daemon [_thread_in_native, id=5676, stack(0x0000007ae1700000,0x0000007ae1800000) (1024K)]


Current CompileTask:
C2:32739 18892       4       com.android.tools.r8.dex.c0::a (881 bytes)

Stack: [0x0000007ae1700000,0x0000007ae1800000]
Native frames: (J=compiled Java code, j=interpreted, Vv=VM code, C=native code)
V  [jvm.dll+0x6d68d9]
V  [jvm.dll+0x866693]
V  [jvm.dll+0x868c4e]
V  [jvm.dll+0x869333]
V  [jvm.dll+0x280566]
V  [jvm.dll+0xc07cd]
V  [jvm.dll+0xc0d03]
V  [jvm.dll+0x3b95e1]
V  [jvm.dll+0x385507]
V  [jvm.dll+0x38497a]
V  [jvm.dll+0x249252]
V  [jvm.dll+0x248821]
V  [jvm.dll+0x1c73a4]
V  [jvm.dll+0x257f9e]
V  [jvm.dll+0x2564e6]
V  [jvm.dll+0x3f4696]
V  [jvm.dll+0x80eac8]
V  [jvm.dll+0x6d512d]
C  [ucrtbase.dll+0x37b0]
C  [KERNEL32.DLL+0x2e8d7]
C  [ntdll.dll+0x8c53c]


---------------  P R O C E S S  ---------------

Threads class SMR info:
_java_thread_list=0x0000021d804a8f10, length=154, elements={
0x0000021ddc835370, 0x0000021df6485ff0, 0x0000021df6489750, 0x0000021df648a950,
0x0000021df64a8580, 0x0000021df64b2060, 0x0000021df64b2ac0, 0x0000021df64b4460,
0x0000021df64c2da0, 0x0000021df64c8c60, 0x0000021df677e490, 0x0000021dfc4b4b70,
0x0000021dfcfc80e0, 0x0000021dfc7ba7b0, 0x0000021dfcd7a900, 0x0000021dfcd7c830,
0x0000021dfceffe70, 0x0000021dfc7b4770, 0x0000021dfc7b61b0, 0x0000021dfc7b6840,
0x0000021dfc7b3a50, 0x0000021dfc7b40e0, 0x0000021dfc7b4e00, 0x0000021dfc7b5490,
0x0000021dfc7b5b20, 0x0000021dfd347ba0, 0x0000021dfd34a300, 0x0000021dfd3495e0,
0x0000021dfd348230, 0x0000021dfd3488c0, 0x0000021dfd349c70, 0x0000021dfd346e80,
0x0000021dfd34a990, 0x0000021dfd347510, 0x0000021dfd34de10, 0x0000021dfd34d0f0,
0x0000021dfd34ca60, 0x0000021dfd34bd40, 0x0000021dfd34e4a0, 0x0000021dfd34b020,
0x0000021dfd34c3d0, 0x0000021dfd34b6b0, 0x0000021d81713510, 0x0000021d817148c0,
0x0000021d81714f50, 0x0000021d81713ba0, 0x0000021d81714230, 0x0000021d81712160,
0x0000021d817155e0, 0x0000021d817127f0, 0x0000021d81712e80, 0x0000021d81717d40,
0x0000021d81718a60, 0x0000021d817190f0, 0x0000021d81716990, 0x0000021d81719780,
0x0000021d81717020, 0x0000021d817176b0, 0x0000021d80d8b7c0, 0x0000021d80d8be50,
0x0000021d80d8a410, 0x0000021d80d89d80, 0x0000021d80d89060, 0x0000021d80d8aaa0,
0x0000021d80d8b130, 0x0000021d80d8c4e0, 0x0000021d80d8cb70, 0x0000021d80d896f0,
0x0000021d80d8d890, 0x0000021d80d8df20, 0x0000021d80d8ec40, 0x0000021d80d8e5b0,
0x0000021d80d8f2d0, 0x0000021d80d8fff0, 0x0000021d80d90680, 0x0000021dfea55ac0,
0x0000021dfea595d0, 0x0000021dfea5c3c0, 0x0000021dfea5a2f0, 0x0000021dfea5b6a0,
0x0000021dfea5ca50, 0x0000021dfea59c60, 0x0000021dfea5a980, 0x0000021dfea5b010,
0x0000021d82d876d0, 0x0000021d82d87040, 0x0000021d82d87d60, 0x0000021d82d883f0,
0x0000021d82d89110, 0x0000021d82d88a80, 0x0000021d82d897a0, 0x0000021d81805910,
0x0000021d81802490, 0x0000021d81808d90, 0x0000021d81806cc0, 0x0000021d81806630,
0x0000021d81807350, 0x0000021d81805fa0, 0x0000021d818079e0, 0x0000021d81808070,
0x0000021d81808700, 0x0000021dff75cd60, 0x0000021dff75d3f0, 0x0000021dff75e7a0,
0x0000021dff75ee30, 0x0000021dfb6a3450, 0x0000021dfb6a1910, 0x0000021d81803ed0,
0x0000021d81804bf0, 0x0000021d81801e00, 0x0000021d81801770, 0x0000021d81805280,
0x0000021dff75c6d0, 0x0000021dff7601e0, 0x0000021dff760f00, 0x0000021dff762940,
0x0000021dff763660, 0x0000021dff7622b0, 0x0000021dff761590, 0x0000021dff761c20,
0x0000021dff763cf0, 0x0000021d82d8c590, 0x0000021d81e981c0, 0x0000021d81e960f0,
0x0000021d81e96e10, 0x0000021d81e97b30, 0x0000021d81e974a0, 0x0000021d81e95a60,
0x0000021d81e9c360, 0x0000021d81e98ee0, 0x0000021d81e9b640, 0x0000021d81e9c9f0,
0x0000021d81e99c00, 0x0000021d81e9bcd0, 0x0000021d81e99570, 0x0000021d81e9d710,
0x0000021d81e9a290, 0x0000021d81e9dda0, 0x0000021d81e9a920, 0x0000021d81e9e430,
0x0000021d81ea1220, 0x0000021d82d8d940, 0x0000021d82d8ab50, 0x0000021d82d8b1e0,
0x0000021d82d8b870, 0x0000021dff760870, 0x0000021dfc4c75b0, 0x0000021dfc4c4130,
0x0000021dfc4c82d0, 0x0000021dfc4c7c40, 0x0000021dfc4c8960, 0x0000021dfc4c54e0,
0x0000021dfc4c8ff0, 0x0000021dfc4cb0c0
}

Java Threads: ( => current thread )
  0x0000021ddc835370 JavaThread "main"                              [_thread_blocked, id=12860, stack(0x0000007ae0500000,0x0000007ae0600000) (1024K)]
  0x0000021df6485ff0 JavaThread "Common-Cleaner"             daemon [_thread_blocked, id=26632, stack(0x0000007ae0d00000,0x0000007ae0e00000) (1024K)]
  0x0000021df6489750 JavaThread "Reference Handler"          daemon [_thread_blocked, id=14420, stack(0x0000007ae0e00000,0x0000007ae0f00000) (1024K)]
  0x0000021df648a950 JavaThread "Finalizer"                  daemon [_thread_blocked, id=224, stack(0x0000007ae0f00000,0x0000007ae1000000) (1024K)]
  0x0000021df64a8580 JavaThread "Signal Dispatcher"          daemon [_thread_blocked, id=24968, stack(0x0000007ae1000000,0x0000007ae1100000) (1024K)]
  0x0000021df64b2060 JavaThread "Attach Listener"            daemon [_thread_blocked, id=3212, stack(0x0000007ae1100000,0x0000007ae1200000) (1024K)]
  0x0000021df64b2ac0 JavaThread "Service Thread"             daemon [_thread_blocked, id=21540, stack(0x0000007ae1200000,0x0000007ae1300000) (1024K)]
  0x0000021df64b4460 JavaThread "Monitor Deflation Thread"   daemon [_thread_blocked, id=4316, stack(0x0000007ae1300000,0x0000007ae1400000) (1024K)]
  0x0000021df64c2da0 JavaThread "C2 CompilerThread0"         daemon [_thread_blocked, id=16700, stack(0x0000007ae1400000,0x0000007ae1500000) (1024K)]
  0x0000021df64c8c60 JavaThread "C1 CompilerThread0"         daemon [_thread_blocked, id=7936, stack(0x0000007ae1500000,0x0000007ae1600000) (1024K)]
  0x0000021df677e490 JavaThread "Notification Thread"        daemon [_thread_blocked, id=32080, stack(0x0000007ae1600000,0x0000007ae1700000) (1024K)]
  0x0000021dfc4b4b70 JavaThread "Daemon health stats"               [_thread_blocked, id=34584, stack(0x0000007ae1800000,0x0000007ae1900000) (1024K)]
  0x0000021dfcfc80e0 JavaThread "Incoming local TCP Connector on port 31516"        [_thread_in_native, id=3364, stack(0x0000007ae2000000,0x0000007ae2100000) (1024K)]
  0x0000021dfc7ba7b0 JavaThread "Daemon periodic checks"            [_thread_blocked, id=34388, stack(0x0000007ae2100000,0x0000007ae2200000) (1024K)]
  0x0000021dfcd7a900 JavaThread "Daemon"                            [_thread_blocked, id=31404, stack(0x0000007ae2200000,0x0000007ae2300000) (1024K)]
  0x0000021dfcd7c830 JavaThread "Handler for socket connection from /127.0.0.1:31516 to /127.0.0.1:31517"        [_thread_in_native, id=26128, stack(0x0000007ae2300000,0x0000007ae2400000) (1024K)]
  0x0000021dfceffe70 JavaThread "Cancel handler"                    [_thread_blocked, id=14124, stack(0x0000007ae2400000,0x0000007ae2500000) (1024K)]
  0x0000021dfc7b4770 JavaThread "Daemon worker"                     [_thread_blocked, id=26940, stack(0x0000007ae2500000,0x0000007ae2600000) (1024K)]
  0x0000021dfc7b61b0 JavaThread "Asynchronous log dispatcher for DefaultDaemonConnection: socket connection from /127.0.0.1:31516 to /127.0.0.1:31517"        [_thread_blocked, id=20648, stack(0x0000007ae2600000,0x0000007ae2700000) (1024K)]
  0x0000021dfc7b6840 JavaThread "Stdin handler"                     [_thread_blocked, id=26564, stack(0x0000007ae2700000,0x0000007ae2800000) (1024K)]
  0x0000021dfc7b3a50 JavaThread "Daemon client event forwarder"        [_thread_blocked, id=2428, stack(0x0000007ae2800000,0x0000007ae2900000) (1024K)]
  0x0000021dfc7b40e0 JavaThread "Cache worker for journal cache (C:\Users\Muhammad Ali\.gradle\caches\journal-1)"        [_thread_blocked, id=30752, stack(0x0000007ae2a00000,0x0000007ae2b00000) (1024K)]
  0x0000021dfc7b4e00 JavaThread "File lock request listener"        [_thread_in_native, id=18688, stack(0x0000007ae2b00000,0x0000007ae2c00000) (1024K)]
  0x0000021dfc7b5490 JavaThread "Cache worker for file hash cache (C:\Users\Muhammad Ali\.gradle\caches\8.13\fileHashes)"        [_thread_blocked, id=3808, stack(0x0000007ae2c00000,0x0000007ae2d00000) (1024K)]
  0x0000021dfc7b5b20 JavaThread "Cache worker for file hash cache (C:\Users\Muhammad Ali\Desktop\App_development_Project\.gradle\8.13\fileHashes)"        [_thread_blocked, id=14900, stack(0x0000007ae2e00000,0x0000007ae2f00000) (1024K)]
  0x0000021dfd347ba0 JavaThread "Cache worker for Build Output Cleanup Cache (C:\Users\Muhammad Ali\Desktop\App_development_Project\.gradle\buildOutputCleanup)"        [_thread_blocked, id=11684, stack(0x0000007ae2f00000,0x0000007ae3000000) (1024K)]
  0x0000021dfd34a300 JavaThread "File watcher server"        daemon [_thread_blocked, id=27544, stack(0x0000007ae3000000,0x0000007ae3100000) (1024K)]
  0x0000021dfd3495e0 JavaThread "File watcher consumer"      daemon [_thread_blocked, id=33956, stack(0x0000007ae3100000,0x0000007ae3200000) (1024K)]
  0x0000021dfd348230 JavaThread "jar transforms"                    [_thread_blocked, id=5744, stack(0x0000007ae3200000,0x0000007ae3300000) (1024K)]
  0x0000021dfd3488c0 JavaThread "jar transforms Thread 2"           [_thread_blocked, id=27864, stack(0x0000007ae3300000,0x0000007ae3400000) (1024K)]
  0x0000021dfd349c70 JavaThread "Cache worker for checksums cache (C:\Users\Muhammad Ali\Desktop\App_development_Project\.gradle\8.13\checksums)"        [_thread_blocked, id=20712, stack(0x0000007ae3400000,0x0000007ae3500000) (1024K)]
  0x0000021dfd346e80 JavaThread "Cache worker for file content cache (C:\Users\Muhammad Ali\.gradle\caches\8.13\fileContent)"        [_thread_blocked, id=27736, stack(0x0000007ae3500000,0x0000007ae3600000) (1024K)]
  0x0000021dfd34a990 JavaThread "jar transforms Thread 3"           [_thread_blocked, id=8156, stack(0x0000007ae3600000,0x0000007ae3700000) (1024K)]
  0x0000021dfd347510 JavaThread "Cache worker for cache directory md-supplier (C:\Users\Muhammad Ali\.gradle\caches\8.13\md-supplier)"        [_thread_blocked, id=31540, stack(0x0000007ae3700000,0x0000007ae3800000) (1024K)]
  0x0000021dfd34de10 JavaThread "Cache worker for cache directory md-rule (C:\Users\Muhammad Ali\.gradle\caches\8.13\md-rule)"        [_thread_blocked, id=15352, stack(0x0000007ae3800000,0x0000007ae3900000) (1024K)]
  0x0000021dfd34d0f0 JavaThread "Unconstrained build operations"        [_thread_blocked, id=17416, stack(0x0000007ae3900000,0x0000007ae3a00000) (1024K)]
  0x0000021dfd34ca60 JavaThread "Unconstrained build operations Thread 2"        [_thread_blocked, id=34780, stack(0x0000007ae3a00000,0x0000007ae3b00000) (1024K)]
  0x0000021dfd34bd40 JavaThread "Unconstrained build operations Thread 3"        [_thread_blocked, id=14564, stack(0x0000007ae3b00000,0x0000007ae3c00000) (1024K)]
  0x0000021dfd34e4a0 JavaThread "Unconstrained build operations Thread 4"        [_thread_blocked, id=7980, stack(0x0000007ae3c00000,0x0000007ae3d00000) (1024K)]
  0x0000021dfd34b020 JavaThread "Unconstrained build operations Thread 5"        [_thread_blocked, id=31528, stack(0x0000007ae3d00000,0x0000007ae3e00000) (1024K)]
  0x0000021dfd34c3d0 JavaThread "Unconstrained build operations Thread 6"        [_thread_blocked, id=29772, stack(0x0000007ae3e00000,0x0000007ae3f00000) (1024K)]
  0x0000021dfd34b6b0 JavaThread "Unconstrained build operations Thread 7"        [_thread_blocked, id=24260, stack(0x0000007ae3f00000,0x0000007ae4000000) (1024K)]
  0x0000021d81713510 JavaThread "Unconstrained build operations Thread 8"        [_thread_blocked, id=26164, stack(0x0000007ae4000000,0x0000007ae4100000) (1024K)]
  0x0000021d817148c0 JavaThread "jar transforms Thread 4"           [_thread_blocked, id=28292, stack(0x0000007ae4100000,0x0000007ae4200000) (1024K)]
  0x0000021d81714f50 JavaThread "jar transforms Thread 5"           [_thread_blocked, id=26388, stack(0x0000007ae4200000,0x0000007ae4300000) (1024K)]
  0x0000021d81713ba0 JavaThread "Unconstrained build operations Thread 9"        [_thread_blocked, id=32036, stack(0x0000007ae4300000,0x0000007ae4400000) (1024K)]
  0x0000021d81714230 JavaThread "Unconstrained build operations Thread 10"        [_thread_blocked, id=32868, stack(0x0000007ae4400000,0x0000007ae4500000) (1024K)]
  0x0000021d81712160 JavaThread "Unconstrained build operations Thread 11"        [_thread_blocked, id=31012, stack(0x0000007ae4500000,0x0000007ae4600000) (1024K)]
  0x0000021d817155e0 JavaThread "Unconstrained build operations Thread 12"        [_thread_blocked, id=4784, stack(0x0000007ae4600000,0x0000007ae4700000) (1024K)]
  0x0000021d817127f0 JavaThread "jar transforms Thread 6"           [_thread_blocked, id=33232, stack(0x0000007ae4700000,0x0000007ae4800000) (1024K)]
  0x0000021d81712e80 JavaThread "jar transforms Thread 7"           [_thread_blocked, id=25504, stack(0x0000007ae4800000,0x0000007ae4900000) (1024K)]
  0x0000021d81717d40 JavaThread "jar transforms Thread 8"           [_thread_blocked, id=26308, stack(0x0000007ae4900000,0x0000007ae4a00000) (1024K)]
  0x0000021d81718a60 JavaThread "Unconstrained build operations Thread 13"        [_thread_blocked, id=21928, stack(0x0000007ae4a00000,0x0000007ae4b00000) (1024K)]
  0x0000021d817190f0 JavaThread "Unconstrained build operations Thread 14"        [_thread_blocked, id=28448, stack(0x0000007ae4b00000,0x0000007ae4c00000) (1024K)]
  0x0000021d81716990 JavaThread "Unconstrained build operations Thread 15"        [_thread_blocked, id=25988, stack(0x0000007ae4c00000,0x0000007ae4d00000) (1024K)]
  0x0000021d81719780 JavaThread "Unconstrained build operations Thread 16"        [_thread_blocked, id=28676, stack(0x0000007ae4d00000,0x0000007ae4e00000) (1024K)]
  0x0000021d81717020 JavaThread "Unconstrained build operations Thread 17"        [_thread_blocked, id=32740, stack(0x0000007ae4e00000,0x0000007ae4f00000) (1024K)]
  0x0000021d817176b0 JavaThread "Unconstrained build operations Thread 18"        [_thread_blocked, id=10964, stack(0x0000007ae4f00000,0x0000007ae5000000) (1024K)]
  0x0000021d80d8b7c0 JavaThread "Unconstrained build operations Thread 19"        [_thread_blocked, id=32236, stack(0x0000007ae5000000,0x0000007ae5100000) (1024K)]
  0x0000021d80d8be50 JavaThread "Unconstrained build operations Thread 20"        [_thread_blocked, id=34796, stack(0x0000007ae5100000,0x0000007ae5200000) (1024K)]
  0x0000021d80d8a410 JavaThread "Unconstrained build operations Thread 21"        [_thread_blocked, id=9540, stack(0x0000007ae5200000,0x0000007ae5300000) (1024K)]
  0x0000021d80d89d80 JavaThread "Unconstrained build operations Thread 22"        [_thread_blocked, id=3608, stack(0x0000007ae5300000,0x0000007ae5400000) (1024K)]
  0x0000021d80d89060 JavaThread "Unconstrained build operations Thread 23"        [_thread_blocked, id=27140, stack(0x0000007ae5400000,0x0000007ae5500000) (1024K)]
  0x0000021d80d8aaa0 JavaThread "Unconstrained build operations Thread 24"        [_thread_blocked, id=28140, stack(0x0000007ae5500000,0x0000007ae5600000) (1024K)]
  0x0000021d80d8b130 JavaThread "Unconstrained build operations Thread 25"        [_thread_blocked, id=30348, stack(0x0000007ae5600000,0x0000007ae5700000) (1024K)]
  0x0000021d80d8c4e0 JavaThread "Unconstrained build operations Thread 26"        [_thread_blocked, id=21488, stack(0x0000007ae5700000,0x0000007ae5800000) (1024K)]
  0x0000021d80d8cb70 JavaThread "Unconstrained build operations Thread 27"        [_thread_blocked, id=25224, stack(0x0000007ae5800000,0x0000007ae5900000) (1024K)]
  0x0000021d80d896f0 JavaThread "Unconstrained build operations Thread 28"        [_thread_blocked, id=32304, stack(0x0000007ae5900000,0x0000007ae5a00000) (1024K)]
  0x0000021d80d8d890 JavaThread "Unconstrained build operations Thread 29"        [_thread_blocked, id=32968, stack(0x0000007ae5a00000,0x0000007ae5b00000) (1024K)]
  0x0000021d80d8df20 JavaThread "Unconstrained build operations Thread 30"        [_thread_blocked, id=4120, stack(0x0000007ae5b00000,0x0000007ae5c00000) (1024K)]
  0x0000021d80d8ec40 JavaThread "Unconstrained build operations Thread 31"        [_thread_blocked, id=10028, stack(0x0000007ae5c00000,0x0000007ae5d00000) (1024K)]
  0x0000021d80d8e5b0 JavaThread "Unconstrained build operations Thread 32"        [_thread_blocked, id=26236, stack(0x0000007ae5d00000,0x0000007ae5e00000) (1024K)]
  0x0000021d80d8f2d0 JavaThread "Unconstrained build operations Thread 33"        [_thread_blocked, id=34484, stack(0x0000007ae5e00000,0x0000007ae5f00000) (1024K)]
  0x0000021d80d8fff0 JavaThread "build event listener"              [_thread_blocked, id=28960, stack(0x0000007ae5f00000,0x0000007ae6000000) (1024K)]
  0x0000021d80d90680 JavaThread "Memory manager"                    [_thread_blocked, id=33392, stack(0x0000007ae2d00000,0x0000007ae2e00000) (1024K)]
  0x0000021dfea55ac0 JavaThread "included builds"                   [_thread_blocked, id=5016, stack(0x0000007ae6100000,0x0000007ae6200000) (1024K)]
  0x0000021dfea595d0 JavaThread "Execution worker"                  [_thread_blocked, id=21384, stack(0x0000007ae6200000,0x0000007ae6300000) (1024K)]
  0x0000021dfea5c3c0 JavaThread "Execution worker Thread 2"         [_thread_blocked, id=30576, stack(0x0000007ae6300000,0x0000007ae6400000) (1024K)]
  0x0000021dfea5a2f0 JavaThread "Execution worker Thread 3"         [_thread_blocked, id=32164, stack(0x0000007ae6400000,0x0000007ae6500000) (1024K)]
  0x0000021dfea5b6a0 JavaThread "Execution worker Thread 4"         [_thread_blocked, id=15596, stack(0x0000007ae6500000,0x0000007ae6600000) (1024K)]
  0x0000021dfea5ca50 JavaThread "Execution worker Thread 5"         [_thread_blocked, id=7424, stack(0x0000007ae6600000,0x0000007ae6700000) (1024K)]
  0x0000021dfea59c60 JavaThread "Execution worker Thread 6"         [_thread_blocked, id=33396, stack(0x0000007ae6700000,0x0000007ae6800000) (1024K)]
  0x0000021dfea5a980 JavaThread "Execution worker Thread 7"         [_thread_blocked, id=20492, stack(0x0000007ae6800000,0x0000007ae6900000) (1024K)]
  0x0000021dfea5b010 JavaThread "Cache worker for execution history cache (C:\Users\Muhammad Ali\Desktop\App_development_Project\.gradle\8.13\executionHistory)"        [_thread_blocked, id=11704, stack(0x0000007ae6900000,0x0000007ae6a00000) (1024K)]
  0x0000021d82d876d0 JavaThread "Unconstrained build operations Thread 34"        [_thread_blocked, id=32648, stack(0x0000007ae6000000,0x0000007ae6100000) (1024K)]
  0x0000021d82d87040 JavaThread "Unconstrained build operations Thread 35"        [_thread_blocked, id=27560, stack(0x0000007ae6a00000,0x0000007ae6b00000) (1024K)]
  0x0000021d82d87d60 JavaThread "Unconstrained build operations Thread 36"        [_thread_blocked, id=20968, stack(0x0000007ae6b00000,0x0000007ae6c00000) (1024K)]
  0x0000021d82d883f0 JavaThread "Unconstrained build operations Thread 37"        [_thread_blocked, id=7524, stack(0x0000007ae6c00000,0x0000007ae6d00000) (1024K)]
  0x0000021d82d89110 JavaThread "Unconstrained build operations Thread 38"        [_thread_blocked, id=24416, stack(0x0000007ae6d00000,0x0000007ae6e00000) (1024K)]
  0x0000021d82d88a80 JavaThread "Unconstrained build operations Thread 39"        [_thread_blocked, id=1260, stack(0x0000007ae6e00000,0x0000007ae6f00000) (1024K)]
  0x0000021d82d897a0 JavaThread "Unconstrained build operations Thread 40"        [_thread_blocked, id=33376, stack(0x0000007ae6f00000,0x0000007ae7000000) (1024K)]
  0x0000021d81805910 JavaThread "Unconstrained build operations Thread 41"        [_thread_blocked, id=31776, stack(0x0000007ae7100000,0x0000007ae7200000) (1024K)]
  0x0000021d81802490 JavaThread "Unconstrained build operations Thread 42"        [_thread_blocked, id=33796, stack(0x0000007ae7200000,0x0000007ae7300000) (1024K)]
  0x0000021d81808d90 JavaThread "Unconstrained build operations Thread 43"        [_thread_blocked, id=26020, stack(0x0000007ae7300000,0x0000007ae7400000) (1024K)]
  0x0000021d81806cc0 JavaThread "Unconstrained build operations Thread 44"        [_thread_blocked, id=31324, stack(0x0000007ae7400000,0x0000007ae7500000) (1024K)]
  0x0000021d81806630 JavaThread "Unconstrained build operations Thread 45"        [_thread_blocked, id=32728, stack(0x0000007ae7500000,0x0000007ae7600000) (1024K)]
  0x0000021d81807350 JavaThread "Unconstrained build operations Thread 46"        [_thread_blocked, id=11360, stack(0x0000007ae7600000,0x0000007ae7700000) (1024K)]
  0x0000021d81805fa0 JavaThread "Unconstrained build operations Thread 47"        [_thread_blocked, id=33124, stack(0x0000007ae7700000,0x0000007ae7800000) (1024K)]
  0x0000021d818079e0 JavaThread "Unconstrained build operations Thread 48"        [_thread_blocked, id=32088, stack(0x0000007ae7800000,0x0000007ae7900000) (1024K)]
  0x0000021d81808070 JavaThread "Unconstrained build operations Thread 49"        [_thread_blocked, id=31804, stack(0x0000007ae7900000,0x0000007ae7a00000) (1024K)]
  0x0000021d81808700 JavaThread "Unconstrained build operations Thread 50"        [_thread_blocked, id=34212, stack(0x0000007ae7a00000,0x0000007ae7b00000) (1024K)]
  0x0000021dff75cd60 JavaThread "Unconstrained build operations Thread 51"        [_thread_blocked, id=18244, stack(0x0000007ae7b00000,0x0000007ae7c00000) (1024K)]
  0x0000021dff75d3f0 JavaThread "Unconstrained build operations Thread 52"        [_thread_blocked, id=25628, stack(0x0000007ae7c00000,0x0000007ae7d00000) (1024K)]
  0x0000021dff75e7a0 JavaThread "Unconstrained build operations Thread 53"        [_thread_blocked, id=34768, stack(0x0000007ae7d00000,0x0000007ae7e00000) (1024K)]
  0x0000021dff75ee30 JavaThread "Unconstrained build operations Thread 54"        [_thread_blocked, id=27740, stack(0x0000007ae7e00000,0x0000007ae7f00000) (1024K)]
=>0x0000021dfb6a3450 JavaThread "C2 CompilerThread1"         daemon [_thread_in_native, id=5676, stack(0x0000007ae1700000,0x0000007ae1800000) (1024K)]
  0x0000021dfb6a1910 JavaThread "C2 CompilerThread2"         daemon [_thread_in_native, id=28632, stack(0x0000007ae7000000,0x0000007ae7100000) (1024K)]
  0x0000021d81803ed0 JavaThread "WorkerExecutor Queue"              [_thread_blocked, id=29864, stack(0x0000007ae7f00000,0x0000007ae8000000) (1024K)]
  0x0000021d81804bf0 JavaThread "WorkerExecutor Queue Thread 2"        [_thread_blocked, id=2648, stack(0x0000007ae8000000,0x0000007ae8100000) (1024K)]
  0x0000021d81801e00 JavaThread "WorkerExecutor Queue Thread 3"        [_thread_blocked, id=13796, stack(0x0000007ae8100000,0x0000007ae8200000) (1024K)]
  0x0000021d81801770 JavaThread "WorkerExecutor Queue Thread 4"        [_thread_blocked, id=13444, stack(0x0000007ae8200000,0x0000007ae8300000) (1024K)]
  0x0000021d81805280 JavaThread "WorkerExecutor Queue Thread 5"        [_thread_blocked, id=28812, stack(0x0000007ae8300000,0x0000007ae8400000) (1024K)]
  0x0000021dff75c6d0 JavaThread "WorkerExecutor Queue Thread 7"        [_thread_blocked, id=25948, stack(0x0000007ae8500000,0x0000007ae8600000) (1024K)]
  0x0000021dff7601e0 JavaThread "WorkerExecutor Queue Thread 8"        [_thread_blocked, id=6252, stack(0x0000007ae8600000,0x0000007ae8700000) (1024K)]
  0x0000021dff760f00 JavaThread "Unconstrained build operations Thread 55"        [_thread_blocked, id=11116, stack(0x0000007ae8700000,0x0000007ae8800000) (1024K)]
  0x0000021dff762940 JavaThread "Unconstrained build operations Thread 56"        [_thread_blocked, id=32960, stack(0x0000007ae8800000,0x0000007ae8900000) (1024K)]
  0x0000021dff763660 JavaThread "Unconstrained build operations Thread 57"        [_thread_blocked, id=29432, stack(0x0000007ae8900000,0x0000007ae8a00000) (1024K)]
  0x0000021dff7622b0 JavaThread "Unconstrained build operations Thread 58"        [_thread_blocked, id=33164, stack(0x0000007ae8a00000,0x0000007ae8b00000) (1024K)]
  0x0000021dff761590 JavaThread "Unconstrained build operations Thread 59"        [_thread_blocked, id=20036, stack(0x0000007ae8b00000,0x0000007ae8c00000) (1024K)]
  0x0000021dff761c20 JavaThread "Unconstrained build operations Thread 60"        [_thread_blocked, id=18360, stack(0x0000007ae8c00000,0x0000007ae8d00000) (1024K)]
  0x0000021dff763cf0 JavaThread "Unconstrained build operations Thread 61"        [_thread_blocked, id=32460, stack(0x0000007ae8d00000,0x0000007ae8e00000) (1024K)]
  0x0000021d82d8c590 JavaThread "Unconstrained build operations Thread 62"        [_thread_blocked, id=19212, stack(0x0000007ae8e00000,0x0000007ae8f00000) (1024K)]
  0x0000021d81e981c0 JavaThread "Unconstrained build operations Thread 63"        [_thread_blocked, id=32228, stack(0x0000007ae8f00000,0x0000007ae9000000) (1024K)]
  0x0000021d81e960f0 JavaThread "Unconstrained build operations Thread 64"        [_thread_blocked, id=1748, stack(0x0000007ae9000000,0x0000007ae9100000) (1024K)]
  0x0000021d81e96e10 JavaThread "Unconstrained build operations Thread 65"        [_thread_blocked, id=34004, stack(0x0000007ae9100000,0x0000007ae9200000) (1024K)]
  0x0000021d81e97b30 JavaThread "Unconstrained build operations Thread 66"        [_thread_blocked, id=3160, stack(0x0000007ae9200000,0x0000007ae9300000) (1024K)]
  0x0000021d81e974a0 JavaThread "Unconstrained build operations Thread 67"        [_thread_blocked, id=10328, stack(0x0000007ae9300000,0x0000007ae9400000) (1024K)]
  0x0000021d81e95a60 JavaThread "Unconstrained build operations Thread 68"        [_thread_blocked, id=30476, stack(0x0000007ae9400000,0x0000007ae9500000) (1024K)]
  0x0000021d81e9c360 JavaThread "Unconstrained build operations Thread 69"        [_thread_blocked, id=30564, stack(0x0000007ae9500000,0x0000007ae9600000) (1024K)]
  0x0000021d81e98ee0 JavaThread "Unconstrained build operations Thread 70"        [_thread_blocked, id=16176, stack(0x0000007ae9600000,0x0000007ae9700000) (1024K)]
  0x0000021d81e9b640 JavaThread "Unconstrained build operations Thread 71"        [_thread_blocked, id=24520, stack(0x0000007ae9700000,0x0000007ae9800000) (1024K)]
  0x0000021d81e9c9f0 JavaThread "Unconstrained build operations Thread 72"        [_thread_blocked, id=29544, stack(0x0000007ae9800000,0x0000007ae9900000) (1024K)]
  0x0000021d81e99c00 JavaThread "Unconstrained build operations Thread 73"        [_thread_blocked, id=14548, stack(0x0000007ae9900000,0x0000007ae9a00000) (1024K)]
  0x0000021d81e9bcd0 JavaThread "Unconstrained build operations Thread 74"        [_thread_blocked, id=24208, stack(0x0000007ae9a00000,0x0000007ae9b00000) (1024K)]
  0x0000021d81e99570 JavaThread "Unconstrained build operations Thread 75"        [_thread_blocked, id=26752, stack(0x0000007ae9b00000,0x0000007ae9c00000) (1024K)]
  0x0000021d81e9d710 JavaThread "Unconstrained build operations Thread 76"        [_thread_blocked, id=27028, stack(0x0000007ae9c00000,0x0000007ae9d00000) (1024K)]
  0x0000021d81e9a290 JavaThread "Unconstrained build operations Thread 77"        [_thread_blocked, id=1924, stack(0x0000007ae9d00000,0x0000007ae9e00000) (1024K)]
  0x0000021d81e9dda0 JavaThread "Unconstrained build operations Thread 78"        [_thread_blocked, id=30780, stack(0x0000007ae9e00000,0x0000007ae9f00000) (1024K)]
  0x0000021d81e9a920 JavaThread "Unconstrained build operations Thread 79"        [_thread_blocked, id=12024, stack(0x0000007ae9f00000,0x0000007aea000000) (1024K)]
  0x0000021d81e9e430 JavaThread "Unconstrained build operations Thread 80"        [_thread_blocked, id=31988, stack(0x0000007aea000000,0x0000007aea100000) (1024K)]
  0x0000021d81ea1220 JavaThread "WorkerExecutor Queue Thread 9"        [_thread_blocked, id=31368, stack(0x0000007aea100000,0x0000007aea200000) (1024K)]
  0x0000021d82d8d940 JavaThread "pool-3-thread-1"                   [_thread_blocked, id=13772, stack(0x0000007aea200000,0x0000007aea300000) (1024K)]
  0x0000021d82d8ab50 JavaThread "stderr"                            [_thread_in_native, id=31588, stack(0x0000007aea300000,0x0000007aea400000) (1024K)]
  0x0000021d82d8b1e0 JavaThread "stdout"                            [_thread_in_native, id=19164, stack(0x0000007aea400000,0x0000007aea500000) (1024K)]
  0x0000021d82d8b870 JavaThread "stderr"                            [_thread_in_native, id=8804, stack(0x0000007aea500000,0x0000007aea600000) (1024K)]
  0x0000021dff760870 JavaThread "stdout"                            [_thread_in_native, id=28988, stack(0x0000007aea600000,0x0000007aea700000) (1024K)]
  0x0000021dfc4c75b0 JavaThread "ForkJoinPool-1-worker-1"    daemon [_thread_blocked, id=15204, stack(0x0000007ae0400000,0x0000007ae0500000) (1024K)]
  0x0000021dfc4c4130 JavaThread "ForkJoinPool-1-worker-2"    daemon [_thread_blocked, id=6484, stack(0x0000007ae8400000,0x0000007ae8500000) (1024K)]
  0x0000021dfc4c82d0 JavaThread "ForkJoinPool-1-worker-3"    daemon [_thread_blocked, id=20564, stack(0x0000007aea700000,0x0000007aea800000) (1024K)]
  0x0000021dfc4c7c40 JavaThread "ForkJoinPool-1-worker-4"    daemon [_thread_blocked, id=12032, stack(0x0000007aea800000,0x0000007aea900000) (1024K)]
  0x0000021dfc4c8960 JavaThread "ForkJoinPool-1-worker-5"    daemon [_thread_blocked, id=28176, stack(0x0000007aea900000,0x0000007aeaa00000) (1024K)]
  0x0000021dfc4c54e0 JavaThread "ForkJoinPool-1-worker-6"    daemon [_thread_blocked, id=33316, stack(0x0000007aeaa00000,0x0000007aeab00000) (1024K)]
  0x0000021dfc4c8ff0 JavaThread "ForkJoinPool-1-worker-7"    daemon [_thread_blocked, id=31076, stack(0x0000007aeab00000,0x0000007aeac00000) (1024K)]
  0x0000021dfc4cb0c0 JavaThread "ForkJoinPool-1-worker-8"    daemon [_thread_blocked, id=26556, stack(0x0000007aeac00000,0x0000007aead00000) (1024K)]
Total: 154

Other Threads:
  0x0000021df640d490 VMThread "VM Thread"                           [id=29812, stack(0x0000007ae0c00000,0x0000007ae0d00000) (1024K)]
  0x0000021df64019e0 WatcherThread "VM Periodic Task Thread"        [id=25872, stack(0x0000007ae0b00000,0x0000007ae0c00000) (1024K)]
  0x0000021ddecc1cb0 WorkerThread "GC Thread#0"                     [id=24312, stack(0x0000007ae0600000,0x0000007ae0700000) (1024K)]
  0x0000021dfb1c5c20 WorkerThread "GC Thread#1"                     [id=25972, stack(0x0000007ae1900000,0x0000007ae1a00000) (1024K)]
  0x0000021dfb6805f0 WorkerThread "GC Thread#2"                     [id=21616, stack(0x0000007ae1a00000,0x0000007ae1b00000) (1024K)]
  0x0000021dfb680990 WorkerThread "GC Thread#3"                     [id=6248, stack(0x0000007ae1b00000,0x0000007ae1c00000) (1024K)]
  0x0000021dfb417210 WorkerThread "GC Thread#4"                     [id=29224, stack(0x0000007ae1c00000,0x0000007ae1d00000) (1024K)]
  0x0000021dfb4175b0 WorkerThread "GC Thread#5"                     [id=5508, stack(0x0000007ae1d00000,0x0000007ae1e00000) (1024K)]
  0x0000021dfcae2880 WorkerThread "GC Thread#6"                     [id=11580, stack(0x0000007ae1e00000,0x0000007ae1f00000) (1024K)]
  0x0000021dfcf6fd70 WorkerThread "GC Thread#7"                     [id=19064, stack(0x0000007ae1f00000,0x0000007ae2000000) (1024K)]
  0x0000021ddecd39e0 ConcurrentGCThread "G1 Main Marker"            [id=25840, stack(0x0000007ae0700000,0x0000007ae0800000) (1024K)]
  0x0000021ddecd4b90 WorkerThread "G1 Conc#0"                       [id=31484, stack(0x0000007ae0800000,0x0000007ae0900000) (1024K)]
  0x0000021dfd1297d0 WorkerThread "G1 Conc#1"                       [id=34020, stack(0x0000007ae2900000,0x0000007ae2a00000) (1024K)]
  0x0000021df626f3a0 ConcurrentGCThread "G1 Refine#0"               [id=33848, stack(0x0000007ae0900000,0x0000007ae0a00000) (1024K)]
  0x0000021df626fbc0 ConcurrentGCThread "G1 Service"                [id=16380, stack(0x0000007ae0a00000,0x0000007ae0b00000) (1024K)]
Total: 15

Threads with active compile tasks:
C2 CompilerThread0  33752 18917 %     4       com.android.tools.r8.dex.c0::a @ 293 (1016 bytes)
C1 CompilerThread0  33752 19269       3       com.android.tools.r8.internal.bj0::<init> (7 bytes)
C2 CompilerThread1  33752 18892       4       com.android.tools.r8.dex.c0::a (881 bytes)
C2 CompilerThread2  33752 18734       4       com.android.tools.r8.internal.kc0::a (3327 bytes)
Total: 4

VM state: at safepoint (normal execution)

VM Mutex/Monitor currently owned by a thread:  ([mutex/lock_event])
[0x00007fff66945f38] FreeList_lock - owner thread: 0x0000021dfb4175b0
[0x00007fff669485b8] Threads_lock - owner thread: 0x0000021df640d490
[0x00007fff669486b8] Heap_lock - owner thread: 0x0000021dfc4c75b0

Heap address: 0x0000000080000000, size: 2048 MB, Compressed Oops mode: 32-bit

CDS archive(s) not mapped
Compressed class space mapped at: 0x0000000100000000-0x0000000140000000, reserved size: 1073741824
Narrow klass base: 0x0000000000000000, Narrow klass shift: 3, Narrow klass range: 0x140000000

GC Precious Log:
 CardTable entry size: 512
 Card Set container configuration: InlinePtr #cards 5 size 8 Array Of Cards #cards 12 size 40 Howl #buckets 4 coarsen threshold 1843 Howl Bitmap #cards 512 size 80 coarsen threshold 460 Card regions per heap region 1 cards per card region 2048
 CPUs: 8 total, 8 available
 Memory: 16262M
 Large Page Support: Disabled
 NUMA Support: Disabled
 Compressed Oops: Enabled (32-bit)
 Heap Region Size: 1M
 Heap Min Capacity: 8M
 Heap Initial Capacity: 256M
 Heap Max Capacity: 2G
 Pre-touch: Disabled
 Parallel Workers: 8
 Concurrent Workers: 2
 Concurrent Refinement Workers: 8
 Periodic GC: Disabled

Heap:
 garbage-first heap   total 320512K, used 280576K [0x0000000080000000, 0x0000000100000000)
  region size 1024K, 91 young (93184K), 12 survivors (12288K)
 Metaspace       used 132493K, committed 134784K, reserved 1179648K
  class space    used 18376K, committed 19456K, reserved 1048576K

Heap Regions: E=young(eden), S=young(survivor), O=old, HS=humongous(starts), HC=humongous(continues), CS=collection set, F=free, TAMS=top-at-mark-start, PB=parsable bottom
|   0|0x0000000080000000, 0x0000000080100000, 0x0000000080100000|100%|HS|  |TAMS 0x0000000080000000| PB 0x0000000080000000| Complete 
|   1|0x0000000080100000, 0x0000000080200000, 0x0000000080200000|100%|HC|  |TAMS 0x0000000080100000| PB 0x0000000080100000| Complete 
|   2|0x0000000080200000, 0x0000000080300000, 0x0000000080300000|100%|HC|  |TAMS 0x0000000080200000| PB 0x0000000080200000| Complete 
|   3|0x0000000080300000, 0x0000000080400000, 0x0000000080400000|100%| O|  |TAMS 0x0000000080300000| PB 0x0000000080300000| Untracked 
|   4|0x0000000080400000, 0x0000000080500000, 0x0000000080500000|100%| O|  |TAMS 0x0000000080400000| PB 0x0000000080400000| Untracked 
|   5|0x0000000080500000, 0x0000000080600000, 0x0000000080600000|100%| O|  |TAMS 0x0000000080500000| PB 0x0000000080500000| Untracked 
|   6|0x0000000080600000, 0x0000000080700000, 0x0000000080700000|100%|HS|  |TAMS 0x0000000080600000| PB 0x0000000080600000| Complete 
|   7|0x0000000080700000, 0x0000000080800000, 0x0000000080800000|100%| O|  |TAMS 0x0000000080700000| PB 0x0000000080700000| Untracked 
|   8|0x0000000080800000, 0x0000000080900000, 0x0000000080900000|100%| O|  |TAMS 0x0000000080800000| PB 0x0000000080800000| Untracked 
|   9|0x0000000080900000, 0x0000000080a00000, 0x0000000080a00000|100%| O|  |TAMS 0x0000000080900000| PB 0x0000000080900000| Untracked 
|  10|0x0000000080a00000, 0x0000000080b00000, 0x0000000080b00000|100%| O|  |TAMS 0x0000000080a00000| PB 0x0000000080a00000| Untracked 
|  11|0x0000000080b00000, 0x0000000080c00000, 0x0000000080c00000|100%| O|  |TAMS 0x0000000080b00000| PB 0x0000000080b00000| Untracked 
|  12|0x0000000080c00000, 0x0000000080d00000, 0x0000000080d00000|100%| O|  |TAMS 0x0000000080c00000| PB 0x0000000080c00000| Untracked 
|  13|0x0000000080d00000, 0x0000000080e00000, 0x0000000080e00000|100%| O|  |TAMS 0x0000000080d00000| PB 0x0000000080d00000| Untracked 
|  14|0x0000000080e00000, 0x0000000080f00000, 0x0000000080f00000|100%| O|  |TAMS 0x0000000080e00000| PB 0x0000000080e00000| Untracked 
|  15|0x0000000080f00000, 0x0000000081000000, 0x0000000081000000|100%| O|  |TAMS 0x0000000080f00000| PB 0x0000000080f00000| Untracked 
|  16|0x0000000081000000, 0x0000000081100000, 0x0000000081100000|100%| O|  |TAMS 0x0000000081000000| PB 0x0000000081000000| Untracked 
|  17|0x0000000081100000, 0x0000000081200000, 0x0000000081200000|100%| O|  |TAMS 0x0000000081100000| PB 0x0000000081100000| Untracked 
|  18|0x0000000081200000, 0x0000000081300000, 0x0000000081300000|100%| O|  |TAMS 0x0000000081200000| PB 0x0000000081200000| Untracked 
|  19|0x0000000081300000, 0x0000000081400000, 0x0000000081400000|100%| O|  |TAMS 0x0000000081300000| PB 0x0000000081300000| Untracked 
|  20|0x0000000081400000, 0x0000000081500000, 0x0000000081500000|100%| O|  |TAMS 0x0000000081400000| PB 0x0000000081400000| Untracked 
|  21|0x0000000081500000, 0x0000000081600000, 0x0000000081600000|100%| O|  |TAMS 0x0000000081500000| PB 0x0000000081500000| Untracked 
|  22|0x0000000081600000, 0x0000000081700000, 0x0000000081700000|100%| O|  |TAMS 0x0000000081600000| PB 0x0000000081600000| Untracked 
|  23|0x0000000081700000, 0x0000000081800000, 0x0000000081800000|100%| O|  |TAMS 0x0000000081700000| PB 0x0000000081700000| Untracked 
|  24|0x0000000081800000, 0x0000000081900000, 0x0000000081900000|100%| O|  |TAMS 0x0000000081800000| PB 0x0000000081800000| Untracked 
|  25|0x0000000081900000, 0x0000000081a00000, 0x0000000081a00000|100%| O|  |TAMS 0x0000000081900000| PB 0x0000000081900000| Untracked 
|  26|0x0000000081a00000, 0x0000000081b00000, 0x0000000081b00000|100%| O|  |TAMS 0x0000000081a00000| PB 0x0000000081a00000| Untracked 
|  27|0x0000000081b00000, 0x0000000081c00000, 0x0000000081c00000|100%| O|  |TAMS 0x0000000081b00000| PB 0x0000000081b00000| Untracked 
|  28|0x0000000081c00000, 0x0000000081d00000, 0x0000000081d00000|100%| O|  |TAMS 0x0000000081c00000| PB 0x0000000081c00000| Untracked 
|  29|0x0000000081d00000, 0x0000000081e00000, 0x0000000081e00000|100%| O|  |TAMS 0x0000000081d00000| PB 0x0000000081d00000| Untracked 
|  30|0x0000000081e00000, 0x0000000081f00000, 0x0000000081f00000|100%| O|  |TAMS 0x0000000081e00000| PB 0x0000000081e00000| Untracked 
|  31|0x0000000081f00000, 0x0000000082000000, 0x0000000082000000|100%| O|  |TAMS 0x0000000081f00000| PB 0x0000000081f00000| Untracked 
|  32|0x0000000082000000, 0x0000000082100000, 0x0000000082100000|100%| O|  |TAMS 0x0000000082000000| PB 0x0000000082000000| Untracked 
|  33|0x0000000082100000, 0x0000000082200000, 0x0000000082200000|100%| O|  |TAMS 0x0000000082100000| PB 0x0000000082100000| Untracked 
|  34|0x0000000082200000, 0x0000000082300000, 0x0000000082300000|100%| O|  |TAMS 0x0000000082200000| PB 0x0000000082200000| Untracked 
|  35|0x0000000082300000, 0x0000000082400000, 0x0000000082400000|100%| O|  |TAMS 0x0000000082300000| PB 0x0000000082300000| Untracked 
|  36|0x0000000082400000, 0x0000000082500000, 0x0000000082500000|100%| O|  |TAMS 0x0000000082400000| PB 0x0000000082400000| Untracked 
|  37|0x0000000082500000, 0x0000000082600000, 0x0000000082600000|100%| O|  |TAMS 0x0000000082500000| PB 0x0000000082500000| Untracked 
|  38|0x0000000082600000, 0x0000000082700000, 0x0000000082700000|100%| O|  |TAMS 0x0000000082600000| PB 0x0000000082600000| Untracked 
|  39|0x0000000082700000, 0x0000000082800000, 0x0000000082800000|100%| O|  |TAMS 0x0000000082700000| PB 0x0000000082700000| Untracked 
|  40|0x0000000082800000, 0x0000000082900000, 0x0000000082900000|100%| O|  |TAMS 0x0000000082800000| PB 0x0000000082800000| Untracked 
|  41|0x0000000082900000, 0x0000000082a00000, 0x0000000082a00000|100%| O|  |TAMS 0x0000000082900000| PB 0x0000000082900000| Untracked 
|  42|0x0000000082a00000, 0x0000000082b00000, 0x0000000082b00000|100%| O|  |TAMS 0x0000000082a00000| PB 0x0000000082a00000| Untracked 
|  43|0x0000000082b00000, 0x0000000082c00000, 0x0000000082c00000|100%| O|  |TAMS 0x0000000082b00000| PB 0x0000000082b00000| Untracked 
|  44|0x0000000082c00000, 0x0000000082d00000, 0x0000000082d00000|100%| O|  |TAMS 0x0000000082c00000| PB 0x0000000082c00000| Untracked 
|  45|0x0000000082d00000, 0x0000000082e00000, 0x0000000082e00000|100%| O|  |TAMS 0x0000000082d00000| PB 0x0000000082d00000| Untracked 
|  46|0x0000000082e00000, 0x0000000082f00000, 0x0000000082f00000|100%| O|  |TAMS 0x0000000082e00000| PB 0x0000000082e00000| Untracked 
|  47|0x0000000082f00000, 0x0000000083000000, 0x0000000083000000|100%| O|  |TAMS 0x0000000082f00000| PB 0x0000000082f00000| Untracked 
|  48|0x0000000083000000, 0x0000000083100000, 0x0000000083100000|100%| O|  |TAMS 0x0000000083000000| PB 0x0000000083000000| Untracked 
|  49|0x0000000083100000, 0x0000000083200000, 0x0000000083200000|100%| O|  |TAMS 0x0000000083100000| PB 0x0000000083100000| Untracked 
|  50|0x0000000083200000, 0x0000000083300000, 0x0000000083300000|100%| O|  |TAMS 0x0000000083200000| PB 0x0000000083200000| Untracked 
|  51|0x0000000083300000, 0x0000000083400000, 0x0000000083400000|100%| O|  |TAMS 0x0000000083300000| PB 0x0000000083300000| Untracked 
|  52|0x0000000083400000, 0x0000000083500000, 0x0000000083500000|100%|HS|  |TAMS 0x0000000083400000| PB 0x0000000083400000| Complete 
|  53|0x0000000083500000, 0x0000000083600000, 0x0000000083600000|100%|HS|  |TAMS 0x0000000083500000| PB 0x0000000083500000| Complete 
|  54|0x0000000083600000, 0x0000000083700000, 0x0000000083700000|100%|HS|  |TAMS 0x0000000083600000| PB 0x0000000083600000| Complete 
|  55|0x0000000083700000, 0x0000000083800000, 0x0000000083800000|100%|HS|  |TAMS 0x0000000083700000| PB 0x0000000083700000| Complete 
|  56|0x0000000083800000, 0x0000000083900000, 0x0000000083900000|100%| O|  |TAMS 0x0000000083800000| PB 0x0000000083800000| Untracked 
|  57|0x0000000083900000, 0x0000000083a00000, 0x0000000083a00000|100%|HS|  |TAMS 0x0000000083900000| PB 0x0000000083900000| Complete 
|  58|0x0000000083a00000, 0x0000000083b00000, 0x0000000083b00000|100%|HS|  |TAMS 0x0000000083a00000| PB 0x0000000083a00000| Complete 
|  59|0x0000000083b00000, 0x0000000083c00000, 0x0000000083c00000|100%| O|  |TAMS 0x0000000083b00000| PB 0x0000000083b00000| Untracked 
|  60|0x0000000083c00000, 0x0000000083d00000, 0x0000000083d00000|100%| O|  |TAMS 0x0000000083c00000| PB 0x0000000083c00000| Untracked 
|  61|0x0000000083d00000, 0x0000000083e00000, 0x0000000083e00000|100%|HS|  |TAMS 0x0000000083d00000| PB 0x0000000083d00000| Complete 
|  62|0x0000000083e00000, 0x0000000083f00000, 0x0000000083f00000|100%| O|  |TAMS 0x0000000083e00000| PB 0x0000000083e00000| Untracked 
|  63|0x0000000083f00000, 0x0000000084000000, 0x0000000084000000|100%| O|  |TAMS 0x0000000083f00000| PB 0x0000000083f00000| Untracked 
|  64|0x0000000084000000, 0x0000000084100000, 0x0000000084100000|100%| O|  |TAMS 0x0000000084000000| PB 0x0000000084000000| Untracked 
|  65|0x0000000084100000, 0x0000000084200000, 0x0000000084200000|100%| O|  |TAMS 0x0000000084100000| PB 0x0000000084100000| Untracked 
|  66|0x0000000084200000, 0x0000000084300000, 0x0000000084300000|100%| O|  |TAMS 0x0000000084200000| PB 0x0000000084200000| Untracked 
|  67|0x0000000084300000, 0x0000000084400000, 0x0000000084400000|100%| O|  |TAMS 0x0000000084300000| PB 0x0000000084300000| Untracked 
|  68|0x0000000084400000, 0x0000000084500000, 0x0000000084500000|100%| O|  |TAMS 0x0000000084400000| PB 0x0000000084400000| Untracked 
|  69|0x0000000084500000, 0x0000000084600000, 0x0000000084600000|100%| O|  |TAMS 0x0000000084500000| PB 0x0000000084500000| Untracked 
|  70|0x0000000084600000, 0x0000000084700000, 0x0000000084700000|100%| O|  |TAMS 0x0000000084600000| PB 0x0000000084600000| Untracked 
|  71|0x0000000084700000, 0x0000000084800000, 0x0000000084800000|100%| O|  |TAMS 0x0000000084700000| PB 0x0000000084700000| Untracked 
|  72|0x0000000084800000, 0x0000000084900000, 0x0000000084900000|100%| O|  |TAMS 0x0000000084800000| PB 0x0000000084800000| Untracked 
|  73|0x0000000084900000, 0x0000000084a00000, 0x0000000084a00000|100%| O|  |TAMS 0x0000000084900000| PB 0x0000000084900000| Untracked 
|  74|0x0000000084a00000, 0x0000000084b00000, 0x0000000084b00000|100%| O|  |TAMS 0x0000000084a00000| PB 0x0000000084a00000| Untracked 
|  75|0x0000000084b00000, 0x0000000084c00000, 0x0000000084c00000|100%| O|  |TAMS 0x0000000084b00000| PB 0x0000000084b00000| Untracked 
|  76|0x0000000084c00000, 0x0000000084d00000, 0x0000000084d00000|100%| O|  |TAMS 0x0000000084c00000| PB 0x0000000084c00000| Untracked 
|  77|0x0000000084d00000, 0x0000000084e00000, 0x0000000084e00000|100%| O|  |TAMS 0x0000000084d00000| PB 0x0000000084d00000| Untracked 
|  78|0x0000000084e00000, 0x0000000084f00000, 0x0000000084f00000|100%| O|  |TAMS 0x0000000084e00000| PB 0x0000000084e00000| Untracked 
|  79|0x0000000084f00000, 0x0000000085000000, 0x0000000085000000|100%| O|  |TAMS 0x0000000084f00000| PB 0x0000000084f00000| Untracked 
|  80|0x0000000085000000, 0x0000000085100000, 0x0000000085100000|100%| O|  |TAMS 0x0000000085000000| PB 0x0000000085000000| Untracked 
|  81|0x0000000085100000, 0x0000000085200000, 0x0000000085200000|100%| O|  |TAMS 0x0000000085100000| PB 0x0000000085100000| Untracked 
|  82|0x0000000085200000, 0x0000000085300000, 0x0000000085300000|100%| O|  |TAMS 0x0000000085200000| PB 0x0000000085200000| Untracked 
|  83|0x0000000085300000, 0x0000000085400000, 0x0000000085400000|100%| O|  |TAMS 0x0000000085300000| PB 0x0000000085300000| Untracked 
|  84|0x0000000085400000, 0x0000000085500000, 0x0000000085500000|100%| O|  |TAMS 0x0000000085400000| PB 0x0000000085400000| Untracked 
|  85|0x0000000085500000, 0x0000000085600000, 0x0000000085600000|100%| O|  |TAMS 0x0000000085500000| PB 0x0000000085500000| Untracked 
|  86|0x0000000085600000, 0x0000000085700000, 0x0000000085700000|100%| O|  |TAMS 0x0000000085600000| PB 0x0000000085600000| Untracked 
|  87|0x0000000085700000, 0x0000000085800000, 0x0000000085800000|100%| O|  |TAMS 0x0000000085700000| PB 0x0000000085700000| Untracked 
|  88|0x0000000085800000, 0x0000000085900000, 0x0000000085900000|100%| O|  |TAMS 0x0000000085800000| PB 0x0000000085800000| Untracked 
|  89|0x0000000085900000, 0x0000000085a00000, 0x0000000085a00000|100%| O|  |TAMS 0x0000000085900000| PB 0x0000000085900000| Untracked 
|  90|0x0000000085a00000, 0x0000000085b00000, 0x0000000085b00000|100%| O|  |TAMS 0x0000000085a00000| PB 0x0000000085a00000| Untracked 
|  91|0x0000000085b00000, 0x0000000085c00000, 0x0000000085c00000|100%| O|  |TAMS 0x0000000085b00000| PB 0x0000000085b00000| Untracked 
|  92|0x0000000085c00000, 0x0000000085d00000, 0x0000000085d00000|100%| O|  |TAMS 0x0000000085c00000| PB 0x0000000085c00000| Untracked 
|  93|0x0000000085d00000, 0x0000000085e00000, 0x0000000085e00000|100%| O|  |TAMS 0x0000000085d00000| PB 0x0000000085d00000| Untracked 
|  94|0x0000000085e00000, 0x0000000085f00000, 0x0000000085f00000|100%| O|CS|TAMS 0x0000000085e00000| PB 0x0000000085e00000| Complete 
|  95|0x0000000085f00000, 0x0000000086000000, 0x0000000086000000|100%| O|CS|TAMS 0x0000000085f00000| PB 0x0000000085f00000| Complete 
|  96|0x0000000086000000, 0x0000000086100000, 0x0000000086100000|100%| O|CS|TAMS 0x0000000086000000| PB 0x0000000086000000| Complete 
|  97|0x0000000086100000, 0x0000000086200000, 0x0000000086200000|100%| O|  |TAMS 0x0000000086100000| PB 0x0000000086100000| Untracked 
|  98|0x0000000086200000, 0x0000000086300000, 0x0000000086300000|100%| O|  |TAMS 0x0000000086200000| PB 0x0000000086200000| Untracked 
|  99|0x0000000086300000, 0x0000000086400000, 0x0000000086400000|100%| O|  |TAMS 0x0000000086300000| PB 0x0000000086300000| Untracked 
| 100|0x0000000086400000, 0x0000000086500000, 0x0000000086500000|100%| O|  |TAMS 0x0000000086400000| PB 0x0000000086400000| Untracked 
| 101|0x0000000086500000, 0x0000000086600000, 0x0000000086600000|100%| O|  |TAMS 0x0000000086500000| PB 0x0000000086500000| Untracked 
| 102|0x0000000086600000, 0x0000000086700000, 0x0000000086700000|100%| O|CS|TAMS 0x0000000086600000| PB 0x0000000086600000| Complete 
| 103|0x0000000086700000, 0x0000000086800000, 0x0000000086800000|100%| O|  |TAMS 0x0000000086700000| PB 0x0000000086700000| Untracked 
| 104|0x0000000086800000, 0x0000000086900000, 0x0000000086900000|100%| O|  |TAMS 0x0000000086800000| PB 0x0000000086800000| Untracked 
| 105|0x0000000086900000, 0x0000000086a00000, 0x0000000086a00000|100%| O|  |TAMS 0x0000000086900000| PB 0x0000000086900000| Untracked 
| 106|0x0000000086a00000, 0x0000000086b00000, 0x0000000086b00000|100%| O|  |TAMS 0x0000000086a00000| PB 0x0000000086a00000| Untracked 
| 107|0x0000000086b00000, 0x0000000086c00000, 0x0000000086c00000|100%| O|  |TAMS 0x0000000086b00000| PB 0x0000000086b00000| Untracked 
| 108|0x0000000086c00000, 0x0000000086d00000, 0x0000000086d00000|100%| O|  |TAMS 0x0000000086c00000| PB 0x0000000086c00000| Untracked 
| 109|0x0000000086d00000, 0x0000000086e00000, 0x0000000086e00000|100%| O|  |TAMS 0x0000000086d00000| PB 0x0000000086d00000| Untracked 
| 110|0x0000000086e00000, 0x0000000086f00000, 0x0000000086f00000|100%| O|  |TAMS 0x0000000086e00000| PB 0x0000000086e00000| Untracked 
| 111|0x0000000086f00000, 0x0000000087000000, 0x0000000087000000|100%| O|CS|TAMS 0x0000000086f00000| PB 0x0000000086f00000| Complete 
| 112|0x0000000087000000, 0x0000000087100000, 0x0000000087100000|100%| O|  |TAMS 0x0000000087000000| PB 0x0000000087000000| Untracked 
| 113|0x0000000087100000, 0x0000000087200000, 0x0000000087200000|100%| O|CS|TAMS 0x0000000087100000| PB 0x0000000087100000| Complete 
| 114|0x0000000087200000, 0x0000000087300000, 0x0000000087300000|100%| O|CS|TAMS 0x0000000087200000| PB 0x0000000087200000| Complete 
| 115|0x0000000087300000, 0x0000000087400000, 0x0000000087400000|100%| O|  |TAMS 0x0000000087300000| PB 0x0000000087300000| Untracked 
| 116|0x0000000087400000, 0x0000000087500000, 0x0000000087500000|100%|HS|  |TAMS 0x0000000087400000| PB 0x0000000087400000| Complete 
| 117|0x0000000087500000, 0x0000000087600000, 0x0000000087600000|100%| O|  |TAMS 0x0000000087500000| PB 0x0000000087500000| Untracked 
| 118|0x0000000087600000, 0x0000000087700000, 0x0000000087700000|100%|HS|  |TAMS 0x0000000087600000| PB 0x0000000087600000| Complete 
| 119|0x0000000087700000, 0x0000000087800000, 0x0000000087800000|100%| O|  |TAMS 0x0000000087700000| PB 0x0000000087700000| Untracked 
| 120|0x0000000087800000, 0x0000000087900000, 0x0000000087900000|100%| O|  |TAMS 0x0000000087800000| PB 0x0000000087800000| Untracked 
| 121|0x0000000087900000, 0x0000000087a00000, 0x0000000087a00000|100%| O|  |TAMS 0x0000000087900000| PB 0x0000000087900000| Untracked 
| 122|0x0000000087a00000, 0x0000000087b00000, 0x0000000087b00000|100%| O|CS|TAMS 0x0000000087a00000| PB 0x0000000087a00000| Complete 
| 123|0x0000000087b00000, 0x0000000087c00000, 0x0000000087c00000|100%| O|CS|TAMS 0x0000000087b00000| PB 0x0000000087b00000| Complete 
| 124|0x0000000087c00000, 0x0000000087d00000, 0x0000000087d00000|100%| O|CS|TAMS 0x0000000087c00000| PB 0x0000000087c00000| Complete 
| 125|0x0000000087d00000, 0x0000000087e00000, 0x0000000087e00000|100%| O|  |TAMS 0x0000000087d00000| PB 0x0000000087d00000| Untracked 
| 126|0x0000000087e00000, 0x0000000087f00000, 0x0000000087f00000|100%| O|  |TAMS 0x0000000087e00000| PB 0x0000000087e00000| Untracked 
| 127|0x0000000087f00000, 0x0000000088000000, 0x0000000088000000|100%| O|  |TAMS 0x0000000087f00000| PB 0x0000000087f00000| Untracked 
| 128|0x0000000088000000, 0x0000000088100000, 0x0000000088100000|100%| O|  |TAMS 0x0000000088000000| PB 0x0000000088000000| Untracked 
| 129|0x0000000088100000, 0x0000000088200000, 0x0000000088200000|100%|HS|  |TAMS 0x0000000088100000| PB 0x0000000088100000| Complete 
| 130|0x0000000088200000, 0x0000000088300000, 0x0000000088300000|100%|HC|  |TAMS 0x0000000088200000| PB 0x0000000088200000| Complete 
| 131|0x0000000088300000, 0x0000000088400000, 0x0000000088400000|100%| O|  |TAMS 0x0000000088300000| PB 0x0000000088300000| Untracked 
| 132|0x0000000088400000, 0x0000000088500000, 0x0000000088500000|100%| O|  |TAMS 0x0000000088400000| PB 0x0000000088400000| Untracked 
| 133|0x0000000088500000, 0x0000000088600000, 0x0000000088600000|100%| O|  |TAMS 0x0000000088500000| PB 0x0000000088500000| Untracked 
| 134|0x0000000088600000, 0x0000000088700000, 0x0000000088700000|100%|HS|  |TAMS 0x0000000088600000| PB 0x0000000088600000| Complete 
| 135|0x0000000088700000, 0x0000000088800000, 0x0000000088800000|100%|HS|  |TAMS 0x0000000088700000| PB 0x0000000088700000| Complete 
| 136|0x0000000088800000, 0x0000000088900000, 0x0000000088900000|100%|HS|  |TAMS 0x0000000088800000| PB 0x0000000088800000| Complete 
| 137|0x0000000088900000, 0x0000000088a00000, 0x0000000088a00000|100%|HC|  |TAMS 0x0000000088900000| PB 0x0000000088900000| Complete 
| 138|0x0000000088a00000, 0x0000000088b00000, 0x0000000088b00000|100%|HS|  |TAMS 0x0000000088a00000| PB 0x0000000088a00000| Complete 
| 139|0x0000000088b00000, 0x0000000088c00000, 0x0000000088c00000|100%|HS|  |TAMS 0x0000000088b00000| PB 0x0000000088b00000| Complete 
| 140|0x0000000088c00000, 0x0000000088d00000, 0x0000000088d00000|100%|HC|  |TAMS 0x0000000088c00000| PB 0x0000000088c00000| Complete 
| 141|0x0000000088d00000, 0x0000000088e00000, 0x0000000088e00000|100%|HS|  |TAMS 0x0000000088d00000| PB 0x0000000088d00000| Complete 
| 142|0x0000000088e00000, 0x0000000088f00000, 0x0000000088f00000|100%|HC|  |TAMS 0x0000000088e00000| PB 0x0000000088e00000| Complete 
| 143|0x0000000088f00000, 0x0000000089000000, 0x0000000089000000|100%|HS|  |TAMS 0x0000000088f00000| PB 0x0000000088f00000| Complete 
| 144|0x0000000089000000, 0x0000000089100000, 0x0000000089100000|100%|HC|  |TAMS 0x0000000089000000| PB 0x0000000089000000| Complete 
| 145|0x0000000089100000, 0x0000000089200000, 0x0000000089200000|100%|HC|  |TAMS 0x0000000089100000| PB 0x0000000089100000| Complete 
| 146|0x0000000089200000, 0x0000000089300000, 0x0000000089300000|100%| O|  |TAMS 0x0000000089200000| PB 0x0000000089200000| Untracked 
| 147|0x0000000089300000, 0x0000000089400000, 0x0000000089400000|100%| O|  |TAMS 0x0000000089300000| PB 0x0000000089300000| Untracked 
| 148|0x0000000089400000, 0x0000000089500000, 0x0000000089500000|100%| O|  |TAMS 0x0000000089400000| PB 0x0000000089400000| Untracked 
| 149|0x0000000089500000, 0x0000000089600000, 0x0000000089600000|100%| O|  |TAMS 0x0000000089500000| PB 0x0000000089500000| Untracked 
| 150|0x0000000089600000, 0x0000000089700000, 0x0000000089700000|100%|HS|  |TAMS 0x0000000089600000| PB 0x0000000089600000| Complete 
| 151|0x0000000089700000, 0x0000000089800000, 0x0000000089800000|100%|HC|  |TAMS 0x0000000089700000| PB 0x0000000089700000| Complete 
| 152|0x0000000089800000, 0x0000000089900000, 0x0000000089900000|100%| O|  |TAMS 0x0000000089800000| PB 0x0000000089800000| Untracked 
| 153|0x0000000089900000, 0x0000000089a00000, 0x0000000089a00000|100%|HS|  |TAMS 0x0000000089900000| PB 0x0000000089900000| Complete 
| 154|0x0000000089a00000, 0x0000000089b00000, 0x0000000089b00000|100%| O|  |TAMS 0x0000000089a00000| PB 0x0000000089a00000| Untracked 
| 155|0x0000000089b00000, 0x0000000089c00000, 0x0000000089c00000|100%| O|  |TAMS 0x0000000089b00000| PB 0x0000000089b00000| Untracked 
| 156|0x0000000089c00000, 0x0000000089d00000, 0x0000000089d00000|100%| O|  |TAMS 0x0000000089c00000| PB 0x0000000089c00000| Untracked 
| 157|0x0000000089d00000, 0x0000000089e00000, 0x0000000089e00000|100%| O|  |TAMS 0x0000000089d00000| PB 0x0000000089d00000| Untracked 
| 158|0x0000000089e00000, 0x0000000089f00000, 0x0000000089f00000|100%| O|  |TAMS 0x0000000089e00000| PB 0x0000000089e00000| Untracked 
| 159|0x0000000089f00000, 0x000000008a000000, 0x000000008a000000|100%| O|  |TAMS 0x0000000089f00000| PB 0x0000000089f00000| Untracked 
| 160|0x000000008a000000, 0x000000008a100000, 0x000000008a100000|100%| O|  |TAMS 0x000000008a000000| PB 0x000000008a000000| Untracked 
| 161|0x000000008a100000, 0x000000008a200000, 0x000000008a200000|100%| O|  |TAMS 0x000000008a100000| PB 0x000000008a100000| Untracked 
| 162|0x000000008a200000, 0x000000008a300000, 0x000000008a300000|100%| E|CS|TAMS 0x000000008a200000| PB 0x000000008a200000| Complete 
| 163|0x000000008a300000, 0x000000008a400000, 0x000000008a400000|100%| E|CS|TAMS 0x000000008a300000| PB 0x000000008a300000| Complete 
| 164|0x000000008a400000, 0x000000008a500000, 0x000000008a500000|100%| E|CS|TAMS 0x000000008a400000| PB 0x000000008a400000| Complete 
| 165|0x000000008a500000, 0x000000008a600000, 0x000000008a600000|100%| E|CS|TAMS 0x000000008a500000| PB 0x000000008a500000| Complete 
| 166|0x000000008a600000, 0x000000008a700000, 0x000000008a700000|100%| E|CS|TAMS 0x000000008a600000| PB 0x000000008a600000| Complete 
| 167|0x000000008a700000, 0x000000008a800000, 0x000000008a800000|100%| E|CS|TAMS 0x000000008a700000| PB 0x000000008a700000| Complete 
| 168|0x000000008a800000, 0x000000008a900000, 0x000000008a900000|100%| E|CS|TAMS 0x000000008a800000| PB 0x000000008a800000| Complete 
| 169|0x000000008a900000, 0x000000008aa00000, 0x000000008aa00000|100%|HS|  |TAMS 0x000000008a900000| PB 0x000000008a900000| Complete 
| 170|0x000000008aa00000, 0x000000008ab00000, 0x000000008ab00000|100%| E|CS|TAMS 0x000000008aa00000| PB 0x000000008aa00000| Complete 
| 171|0x000000008ab00000, 0x000000008ac00000, 0x000000008ac00000|100%| E|CS|TAMS 0x000000008ab00000| PB 0x000000008ab00000| Complete 
| 172|0x000000008ac00000, 0x000000008ad00000, 0x000000008ad00000|100%| E|CS|TAMS 0x000000008ac00000| PB 0x000000008ac00000| Complete 
| 173|0x000000008ad00000, 0x000000008ae00000, 0x000000008ae00000|100%|HS|  |TAMS 0x000000008ad00000| PB 0x000000008ad00000| Complete 
| 174|0x000000008ae00000, 0x000000008af00000, 0x000000008af00000|100%|HC|  |TAMS 0x000000008ae00000| PB 0x000000008ae00000| Complete 
| 175|0x000000008af00000, 0x000000008b000000, 0x000000008b000000|100%| E|CS|TAMS 0x000000008af00000| PB 0x000000008af00000| Complete 
| 176|0x000000008b000000, 0x000000008b100000, 0x000000008b100000|100%|HS|  |TAMS 0x000000008b000000| PB 0x000000008b000000| Complete 
| 177|0x000000008b100000, 0x000000008b200000, 0x000000008b200000|100%| E|CS|TAMS 0x000000008b100000| PB 0x000000008b100000| Complete 
| 178|0x000000008b200000, 0x000000008b300000, 0x000000008b300000|100%| E|CS|TAMS 0x000000008b200000| PB 0x000000008b200000| Complete 
| 179|0x000000008b300000, 0x000000008b400000, 0x000000008b400000|100%| E|CS|TAMS 0x000000008b300000| PB 0x000000008b300000| Complete 
| 180|0x000000008b400000, 0x000000008b500000, 0x000000008b500000|100%|HS|  |TAMS 0x000000008b400000| PB 0x000000008b400000| Complete 
| 181|0x000000008b500000, 0x000000008b600000, 0x000000008b600000|100%|HC|  |TAMS 0x000000008b500000| PB 0x000000008b500000| Complete 
| 182|0x000000008b600000, 0x000000008b700000, 0x000000008b700000|100%| O|  |TAMS 0x000000008b600000| PB 0x000000008b600000| Untracked 
| 183|0x000000008b700000, 0x000000008b800000, 0x000000008b800000|100%| O|  |TAMS 0x000000008b700000| PB 0x000000008b700000| Untracked 
| 184|0x000000008b800000, 0x000000008b900000, 0x000000008b900000|100%| O|  |TAMS 0x000000008b800000| PB 0x000000008b800000| Untracked 
| 185|0x000000008b900000, 0x000000008ba00000, 0x000000008ba00000|100%|HS|  |TAMS 0x000000008b900000| PB 0x000000008b900000| Complete 
| 186|0x000000008ba00000, 0x000000008bb00000, 0x000000008bb00000|100%|HC|  |TAMS 0x000000008ba00000| PB 0x000000008ba00000| Complete 
| 187|0x000000008bb00000, 0x000000008bc00000, 0x000000008bc00000|100%| O|  |TAMS 0x000000008bb00000| PB 0x000000008bb00000| Untracked 
| 188|0x000000008bc00000, 0x000000008bd00000, 0x000000008bd00000|100%| O|  |TAMS 0x000000008bc00000| PB 0x000000008bc00000| Untracked 
| 189|0x000000008bd00000, 0x000000008be00000, 0x000000008be00000|100%| O|  |TAMS 0x000000008bd00000| PB 0x000000008bd00000| Untracked 
| 190|0x000000008be00000, 0x000000008bf00000, 0x000000008bf00000|100%| O|  |TAMS 0x000000008be00000| PB 0x000000008be00000| Untracked 
| 191|0x000000008bf00000, 0x000000008c000000, 0x000000008c000000|100%| O|  |TAMS 0x000000008bf00000| PB 0x000000008bf00000| Untracked 
| 192|0x000000008c000000, 0x000000008c100000, 0x000000008c100000|100%| O|  |TAMS 0x000000008c000000| PB 0x000000008c000000| Untracked 
| 193|0x000000008c100000, 0x000000008c200000, 0x000000008c200000|100%|HS|  |TAMS 0x000000008c100000| PB 0x000000008c100000| Complete 
| 194|0x000000008c200000, 0x000000008c300000, 0x000000008c300000|100%|HC|  |TAMS 0x000000008c200000| PB 0x000000008c200000| Complete 
| 195|0x000000008c300000, 0x000000008c400000, 0x000000008c400000|100%|HC|  |TAMS 0x000000008c300000| PB 0x000000008c300000| Complete 
| 196|0x000000008c400000, 0x000000008c500000, 0x000000008c500000|100%| O|  |TAMS 0x000000008c400000| PB 0x000000008c400000| Untracked 
| 197|0x000000008c500000, 0x000000008c600000, 0x000000008c600000|100%| O|  |TAMS 0x000000008c500000| PB 0x000000008c500000| Untracked 
| 198|0x000000008c600000, 0x000000008c700000, 0x000000008c700000|100%| O|  |TAMS 0x000000008c600000| PB 0x000000008c600000| Untracked 
| 199|0x000000008c700000, 0x000000008c800000, 0x000000008c800000|100%| O|  |TAMS 0x000000008c700000| PB 0x000000008c700000| Untracked 
| 200|0x000000008c800000, 0x000000008c900000, 0x000000008c900000|100%| O|  |TAMS 0x000000008c800000| PB 0x000000008c800000| Untracked 
| 201|0x000000008c900000, 0x000000008ca00000, 0x000000008ca00000|100%| S|  |TAMS 0x000000008c900000| PB 0x000000008c900000| Complete 
| 202|0x000000008ca00000, 0x000000008cb00000, 0x000000008cb00000|100%| S|  |TAMS 0x000000008ca00000| PB 0x000000008ca00000| Complete 
| 203|0x000000008cb00000, 0x000000008cc00000, 0x000000008cc00000|100%| S|  |TAMS 0x000000008cb00000| PB 0x000000008cb00000| Complete 
| 204|0x000000008cc00000, 0x000000008cd00000, 0x000000008cd00000|100%| S|  |TAMS 0x000000008cc00000| PB 0x000000008cc00000| Complete 
| 205|0x000000008cd00000, 0x000000008ce00000, 0x000000008ce00000|100%| S|  |TAMS 0x000000008cd00000| PB 0x000000008cd00000| Complete 
| 206|0x000000008ce00000, 0x000000008cf00000, 0x000000008cf00000|100%| S|  |TAMS 0x000000008ce00000| PB 0x000000008ce00000| Complete 
| 207|0x000000008cf00000, 0x000000008d000000, 0x000000008d000000|100%| S|  |TAMS 0x000000008cf00000| PB 0x000000008cf00000| Complete 
| 208|0x000000008d000000, 0x000000008d100000, 0x000000008d100000|100%| S|  |TAMS 0x000000008d000000| PB 0x000000008d000000| Complete 
| 209|0x000000008d100000, 0x000000008d200000, 0x000000008d200000|100%| S|  |TAMS 0x000000008d100000| PB 0x000000008d100000| Complete 
| 210|0x000000008d200000, 0x000000008d300000, 0x000000008d300000|100%| S|  |TAMS 0x000000008d200000| PB 0x000000008d200000| Complete 
| 211|0x000000008d300000, 0x000000008d400000, 0x000000008d400000|100%| S|  |TAMS 0x000000008d300000| PB 0x000000008d300000| Complete 
| 212|0x000000008d400000, 0x000000008d500000, 0x000000008d500000|100%| S|  |TAMS 0x000000008d400000| PB 0x000000008d400000| Complete 
| 213|0x000000008d500000, 0x000000008d600000, 0x000000008d600000|100%| E|CS|TAMS 0x000000008d500000| PB 0x000000008d500000| Complete 
| 214|0x000000008d600000, 0x000000008d700000, 0x000000008d700000|100%| E|CS|TAMS 0x000000008d600000| PB 0x000000008d600000| Complete 
| 215|0x000000008d700000, 0x000000008d800000, 0x000000008d800000|100%| E|CS|TAMS 0x000000008d700000| PB 0x000000008d700000| Complete 
| 216|0x000000008d800000, 0x000000008d900000, 0x000000008d900000|100%| E|CS|TAMS 0x000000008d800000| PB 0x000000008d800000| Complete 
| 217|0x000000008d900000, 0x000000008da00000, 0x000000008da00000|100%| E|CS|TAMS 0x000000008d900000| PB 0x000000008d900000| Complete 
| 218|0x000000008da00000, 0x000000008db00000, 0x000000008db00000|100%| E|CS|TAMS 0x000000008da00000| PB 0x000000008da00000| Complete 
| 219|0x000000008db00000, 0x000000008dc00000, 0x000000008dc00000|100%| E|CS|TAMS 0x000000008db00000| PB 0x000000008db00000| Complete 
| 220|0x000000008dc00000, 0x000000008dd00000, 0x000000008dd00000|100%| E|CS|TAMS 0x000000008dc00000| PB 0x000000008dc00000| Complete 
| 221|0x000000008dd00000, 0x000000008de00000, 0x000000008de00000|100%| E|CS|TAMS 0x000000008dd00000| PB 0x000000008dd00000| Complete 
| 222|0x000000008de00000, 0x000000008df00000, 0x000000008df00000|100%| E|CS|TAMS 0x000000008de00000| PB 0x000000008de00000| Complete 
| 223|0x000000008df00000, 0x000000008e000000, 0x000000008e000000|100%| E|CS|TAMS 0x000000008df00000| PB 0x000000008df00000| Complete 
| 224|0x000000008e000000, 0x000000008e100000, 0x000000008e100000|100%| E|CS|TAMS 0x000000008e000000| PB 0x000000008e000000| Complete 
| 225|0x000000008e100000, 0x000000008e200000, 0x000000008e200000|100%| E|CS|TAMS 0x000000008e100000| PB 0x000000008e100000| Complete 
| 226|0x000000008e200000, 0x000000008e300000, 0x000000008e300000|100%| E|CS|TAMS 0x000000008e200000| PB 0x000000008e200000| Complete 
| 227|0x000000008e300000, 0x000000008e400000, 0x000000008e400000|100%| E|CS|TAMS 0x000000008e300000| PB 0x000000008e300000| Complete 
| 228|0x000000008e400000, 0x000000008e500000, 0x000000008e500000|100%| E|CS|TAMS 0x000000008e400000| PB 0x000000008e400000| Complete 
| 229|0x000000008e500000, 0x000000008e600000, 0x000000008e600000|100%| E|CS|TAMS 0x000000008e500000| PB 0x000000008e500000| Complete 
| 230|0x000000008e600000, 0x000000008e700000, 0x000000008e700000|100%| E|CS|TAMS 0x000000008e600000| PB 0x000000008e600000| Complete 
| 231|0x000000008e700000, 0x000000008e800000, 0x000000008e800000|100%| E|CS|TAMS 0x000000008e700000| PB 0x000000008e700000| Complete 
| 232|0x000000008e800000, 0x000000008e900000, 0x000000008e900000|100%| E|CS|TAMS 0x000000008e800000| PB 0x000000008e800000| Complete 
| 233|0x000000008e900000, 0x000000008ea00000, 0x000000008ea00000|100%| E|CS|TAMS 0x000000008e900000| PB 0x000000008e900000| Complete 
| 234|0x000000008ea00000, 0x000000008eb00000, 0x000000008eb00000|100%| E|CS|TAMS 0x000000008ea00000| PB 0x000000008ea00000| Complete 
| 235|0x000000008eb00000, 0x000000008ec00000, 0x000000008ec00000|100%| E|CS|TAMS 0x000000008eb00000| PB 0x000000008eb00000| Complete 
| 236|0x000000008ec00000, 0x000000008ed00000, 0x000000008ed00000|100%| E|CS|TAMS 0x000000008ec00000| PB 0x000000008ec00000| Complete 
| 237|0x000000008ed00000, 0x000000008ee00000, 0x000000008ee00000|100%| E|CS|TAMS 0x000000008ed00000| PB 0x000000008ed00000| Complete 
| 238|0x000000008ee00000, 0x000000008ef00000, 0x000000008ef00000|100%| E|CS|TAMS 0x000000008ee00000| PB 0x000000008ee00000| Complete 
| 239|0x000000008ef00000, 0x000000008f000000, 0x000000008f000000|100%| E|CS|TAMS 0x000000008ef00000| PB 0x000000008ef00000| Complete 
| 240|0x000000008f000000, 0x000000008f100000, 0x000000008f100000|100%| E|CS|TAMS 0x000000008f000000| PB 0x000000008f000000| Complete 
| 241|0x000000008f100000, 0x000000008f200000, 0x000000008f200000|100%| E|CS|TAMS 0x000000008f100000| PB 0x000000008f100000| Complete 
| 242|0x000000008f200000, 0x000000008f300000, 0x000000008f300000|100%| E|CS|TAMS 0x000000008f200000| PB 0x000000008f200000| Complete 
| 243|0x000000008f300000, 0x000000008f400000, 0x000000008f400000|100%| E|CS|TAMS 0x000000008f300000| PB 0x000000008f300000| Complete 
| 244|0x000000008f400000, 0x000000008f500000, 0x000000008f500000|100%| E|CS|TAMS 0x000000008f400000| PB 0x000000008f400000| Complete 
| 245|0x000000008f500000, 0x000000008f600000, 0x000000008f600000|100%| E|CS|TAMS 0x000000008f500000| PB 0x000000008f500000| Complete 
| 246|0x000000008f600000, 0x000000008f700000, 0x000000008f700000|100%| E|CS|TAMS 0x000000008f600000| PB 0x000000008f600000| Complete 
| 247|0x000000008f700000, 0x000000008f800000, 0x000000008f800000|100%| E|CS|TAMS 0x000000008f700000| PB 0x000000008f700000| Complete 
| 248|0x000000008f800000, 0x000000008f900000, 0x000000008f900000|100%| E|CS|TAMS 0x000000008f800000| PB 0x000000008f800000| Complete 
| 249|0x000000008f900000, 0x000000008fa00000, 0x000000008fa00000|100%| E|CS|TAMS 0x000000008f900000| PB 0x000000008f900000| Complete 
| 250|0x000000008fa00000, 0x000000008fb00000, 0x000000008fb00000|100%| E|CS|TAMS 0x000000008fa00000| PB 0x000000008fa00000| Complete 
| 251|0x000000008fb00000, 0x000000008fc00000, 0x000000008fc00000|100%| E|CS|TAMS 0x000000008fb00000| PB 0x000000008fb00000| Complete 
| 252|0x000000008fc00000, 0x000000008fd00000, 0x000000008fd00000|100%| E|CS|TAMS 0x000000008fc00000| PB 0x000000008fc00000| Complete 
| 253|0x000000008fd00000, 0x000000008fe00000, 0x000000008fe00000|100%| E|CS|TAMS 0x000000008fd00000| PB 0x000000008fd00000| Complete 
| 254|0x000000008fe00000, 0x000000008ff00000, 0x000000008ff00000|100%| E|CS|TAMS 0x000000008fe00000| PB 0x000000008fe00000| Complete 
| 255|0x000000008ff00000, 0x0000000090000000, 0x0000000090000000|100%| E|CS|TAMS 0x000000008ff00000| PB 0x000000008ff00000| Complete 
| 256|0x0000000090000000, 0x0000000090100000, 0x0000000090100000|100%| E|CS|TAMS 0x0000000090000000| PB 0x0000000090000000| Complete 
| 257|0x0000000090100000, 0x0000000090200000, 0x0000000090200000|100%| E|CS|TAMS 0x0000000090100000| PB 0x0000000090100000| Complete 
| 258|0x0000000090200000, 0x0000000090300000, 0x0000000090300000|100%| E|CS|TAMS 0x0000000090200000| PB 0x0000000090200000| Complete 
| 259|0x0000000090300000, 0x0000000090400000, 0x0000000090400000|100%| E|CS|TAMS 0x0000000090300000| PB 0x0000000090300000| Complete 
| 260|0x0000000090400000, 0x0000000090500000, 0x0000000090500000|100%| E|CS|TAMS 0x0000000090400000| PB 0x0000000090400000| Complete 
| 261|0x0000000090500000, 0x0000000090600000, 0x0000000090600000|100%| E|CS|TAMS 0x0000000090500000| PB 0x0000000090500000| Complete 
| 262|0x0000000090600000, 0x0000000090700000, 0x0000000090700000|100%| E|CS|TAMS 0x0000000090600000| PB 0x0000000090600000| Complete 
| 263|0x0000000090700000, 0x0000000090800000, 0x0000000090800000|100%| E|CS|TAMS 0x0000000090700000| PB 0x0000000090700000| Complete 
| 264|0x0000000090800000, 0x0000000090900000, 0x0000000090900000|100%| E|CS|TAMS 0x0000000090800000| PB 0x0000000090800000| Complete 
| 265|0x0000000090900000, 0x0000000090a00000, 0x0000000090a00000|100%| E|CS|TAMS 0x0000000090900000| PB 0x0000000090900000| Complete 
| 266|0x0000000090a00000, 0x0000000090b00000, 0x0000000090b00000|100%| E|CS|TAMS 0x0000000090a00000| PB 0x0000000090a00000| Complete 
| 267|0x0000000090b00000, 0x0000000090c00000, 0x0000000090c00000|100%| E|CS|TAMS 0x0000000090b00000| PB 0x0000000090b00000| Complete 
| 268|0x0000000090c00000, 0x0000000090d00000, 0x0000000090d00000|100%| E|CS|TAMS 0x0000000090c00000| PB 0x0000000090c00000| Complete 
| 269|0x0000000090d00000, 0x0000000090e00000, 0x0000000090e00000|100%| E|CS|TAMS 0x0000000090d00000| PB 0x0000000090d00000| Complete 
| 270|0x0000000090e00000, 0x0000000090f00000, 0x0000000090f00000|100%| E|CS|TAMS 0x0000000090e00000| PB 0x0000000090e00000| Complete 
|2006|0x00000000fd600000, 0x00000000fd700000, 0x00000000fd700000|100%| O|  |TAMS 0x00000000fd600000| PB 0x00000000fd600000| Untracked 
|2007|0x00000000fd700000, 0x00000000fd800000, 0x00000000fd800000|100%| O|  |TAMS 0x00000000fd700000| PB 0x00000000fd700000| Untracked 
|2008|0x00000000fd800000, 0x00000000fd900000, 0x00000000fd900000|100%| O|  |TAMS 0x00000000fd800000| PB 0x00000000fd800000| Untracked 
|2009|0x00000000fd900000, 0x00000000fda00000, 0x00000000fda00000|100%| O|  |TAMS 0x00000000fd900000| PB 0x00000000fd900000| Untracked 
|2010|0x00000000fda00000, 0x00000000fdb00000, 0x00000000fdb00000|100%| O|  |TAMS 0x00000000fda00000| PB 0x00000000fda00000| Untracked 
|2011|0x00000000fdb00000, 0x00000000fdc00000, 0x00000000fdc00000|100%| O|  |TAMS 0x00000000fdb00000| PB 0x00000000fdb00000| Untracked 
|2012|0x00000000fdc00000, 0x00000000fdd00000, 0x00000000fdd00000|100%| O|  |TAMS 0x00000000fdc00000| PB 0x00000000fdc00000| Untracked 
|2013|0x00000000fdd00000, 0x00000000fde00000, 0x00000000fde00000|100%| O|  |TAMS 0x00000000fdd00000| PB 0x00000000fdd00000| Untracked 
|2014|0x00000000fde00000, 0x00000000fdf00000, 0x00000000fdf00000|100%| O|  |TAMS 0x00000000fde00000| PB 0x00000000fde00000| Untracked 
|2015|0x00000000fdf00000, 0x00000000fe000000, 0x00000000fe000000|100%| O|  |TAMS 0x00000000fdf00000| PB 0x00000000fdf00000| Untracked 
|2016|0x00000000fe000000, 0x00000000fe100000, 0x00000000fe100000|100%| O|  |TAMS 0x00000000fe000000| PB 0x00000000fe000000| Untracked 
|2017|0x00000000fe100000, 0x00000000fe200000, 0x00000000fe200000|100%| O|  |TAMS 0x00000000fe100000| PB 0x00000000fe100000| Untracked 
|2018|0x00000000fe200000, 0x00000000fe300000, 0x00000000fe300000|100%| O|  |TAMS 0x00000000fe200000| PB 0x00000000fe200000| Untracked 
|2019|0x00000000fe300000, 0x00000000fe400000, 0x00000000fe400000|100%| O|  |TAMS 0x00000000fe300000| PB 0x00000000fe300000| Untracked 
|2020|0x00000000fe400000, 0x00000000fe500000, 0x00000000fe500000|100%| O|  |TAMS 0x00000000fe400000| PB 0x00000000fe400000| Untracked 
|2021|0x00000000fe500000, 0x00000000fe600000, 0x00000000fe600000|100%| O|  |TAMS 0x00000000fe500000| PB 0x00000000fe500000| Untracked 
|2022|0x00000000fe600000, 0x00000000fe700000, 0x00000000fe700000|100%| O|  |TAMS 0x00000000fe600000| PB 0x00000000fe600000| Untracked 
|2023|0x00000000fe700000, 0x00000000fe800000, 0x00000000fe800000|100%| O|CS|TAMS 0x00000000fe700000| PB 0x00000000fe700000| Complete 
|2024|0x00000000fe800000, 0x00000000fe900000, 0x00000000fe900000|100%| E|CS|TAMS 0x00000000fe800000| PB 0x00000000fe800000| Complete 
|2025|0x00000000fe900000, 0x00000000fea00000, 0x00000000fea00000|100%| E|CS|TAMS 0x00000000fe900000| PB 0x00000000fe900000| Complete 
|2026|0x00000000fea00000, 0x00000000feb00000, 0x00000000feb00000|100%| E|CS|TAMS 0x00000000fea00000| PB 0x00000000fea00000| Complete 
|2027|0x00000000feb00000, 0x00000000fec00000, 0x00000000fec00000|100%| E|CS|TAMS 0x00000000feb00000| PB 0x00000000feb00000| Complete 
|2028|0x00000000fec00000, 0x00000000fed00000, 0x00000000fed00000|100%| E|CS|TAMS 0x00000000fec00000| PB 0x00000000fec00000| Complete 
|2029|0x00000000fed00000, 0x00000000fee00000, 0x00000000fee00000|100%| E|CS|TAMS 0x00000000fed00000| PB 0x00000000fed00000| Complete 
|2030|0x00000000fee00000, 0x00000000fef00000, 0x00000000fef00000|100%| E|CS|TAMS 0x00000000fee00000| PB 0x00000000fee00000| Complete 
|2031|0x00000000fef00000, 0x00000000ff000000, 0x00000000ff000000|100%| E|CS|TAMS 0x00000000fef00000| PB 0x00000000fef00000| Complete 
|2032|0x00000000ff000000, 0x00000000ff100000, 0x00000000ff100000|100%| E|CS|TAMS 0x00000000ff000000| PB 0x00000000ff000000| Complete 
|2033|0x00000000ff100000, 0x00000000ff200000, 0x00000000ff200000|100%| E|CS|TAMS 0x00000000ff100000| PB 0x00000000ff100000| Complete 
|2034|0x00000000ff200000, 0x00000000ff300000, 0x00000000ff300000|100%| E|CS|TAMS 0x00000000ff200000| PB 0x00000000ff200000| Complete 
|2035|0x00000000ff300000, 0x00000000ff400000, 0x00000000ff400000|100%| E|CS|TAMS 0x00000000ff300000| PB 0x00000000ff300000| Complete 
|2036|0x00000000ff400000, 0x00000000ff500000, 0x00000000ff500000|100%| E|CS|TAMS 0x00000000ff400000| PB 0x00000000ff400000| Complete 
|2037|0x00000000ff500000, 0x00000000ff600000, 0x00000000ff600000|100%| E|CS|TAMS 0x00000000ff500000| PB 0x00000000ff500000| Complete 
|2038|0x00000000ff600000, 0x00000000ff700000, 0x00000000ff700000|100%| E|CS|TAMS 0x00000000ff600000| PB 0x00000000ff600000| Complete 
|2039|0x00000000ff700000, 0x00000000ff800000, 0x00000000ff800000|100%| E|CS|TAMS 0x00000000ff700000| PB 0x00000000ff700000| Complete 
|2040|0x00000000ff800000, 0x00000000ff900000, 0x00000000ff900000|100%| E|CS|TAMS 0x00000000ff800000| PB 0x00000000ff800000| Complete 
|2041|0x00000000ff900000, 0x00000000ffa00000, 0x00000000ffa00000|100%| E|CS|TAMS 0x00000000ff900000| PB 0x00000000ff900000| Complete 
|2042|0x00000000ffa00000, 0x00000000ffb00000, 0x00000000ffb00000|100%| E|CS|TAMS 0x00000000ffa00000| PB 0x00000000ffa00000| Complete 
|2043|0x00000000ffb00000, 0x00000000ffc00000, 0x00000000ffc00000|100%| E|CS|TAMS 0x00000000ffb00000| PB 0x00000000ffb00000| Complete 
|2044|0x00000000ffc00000, 0x00000000ffd00000, 0x00000000ffd00000|100%| E|CS|TAMS 0x00000000ffc00000| PB 0x00000000ffc00000| Complete 
|2045|0x00000000ffd00000, 0x00000000ffe00000, 0x00000000ffe00000|100%| O|  |TAMS 0x00000000ffd00000| PB 0x00000000ffd00000| Untracked 
|2046|0x00000000ffe00000, 0x00000000fff00000, 0x00000000fff00000|100%| O|  |TAMS 0x00000000ffe00000| PB 0x00000000ffe00000| Untracked 
|2047|0x00000000fff00000, 0x0000000100000000, 0x0000000100000000|100%| O|  |TAMS 0x00000000fff00000| PB 0x00000000fff00000| Untracked 

Card table byte_map: [0x0000021df14f0000,0x0000021df18f0000] _byte_map_base: 0x0000021df10f0000

Marking Bits: (CMBitMap*) 0x0000021ddecc22c0
 Bits: [0x0000021df18f0000, 0x0000021df38f0000)

Polling page: 0x0000021ddca80000

Metaspace:

Usage:
  Non-class:    111.44 MB used.
      Class:     17.95 MB used.
       Both:    129.39 MB used.

Virtual space:
  Non-class space:      128.00 MB reserved,     112.62 MB ( 88%) committed,  2 nodes.
      Class space:        1.00 GB reserved,      19.00 MB (  2%) committed,  1 nodes.
             Both:        1.12 GB reserved,     131.62 MB ( 11%) committed. 

Chunk freelists:
   Non-Class:  14.97 MB
       Class:  12.88 MB
        Both:  27.84 MB

MaxMetaspaceSize: unlimited
CompressedClassSpaceSize: 1.00 GB
Initial GC threshold: 21.00 MB
Current GC threshold: 210.75 MB
CDS: off
 - commit_granule_bytes: 65536.
 - commit_granule_words: 8192.
 - virtual_space_node_default_size: 8388608.
 - enlarge_chunks_in_place: 1.
 - use_allocation_guard: 0.


Internal statistics:

num_allocs_failed_limit: 6.
num_arena_births: 4478.
num_arena_deaths: 0.
num_vsnodes_births: 3.
num_vsnodes_deaths: 0.
num_space_committed: 2102.
num_space_uncommitted: 0.
num_chunks_returned_to_freelist: 6.
num_chunks_taken_from_freelist: 10105.
num_chunk_merges: 6.
num_chunk_splits: 6616.
num_chunks_enlarged: 4169.
num_inconsistent_stats: 0.

CodeHeap 'non-profiled nmethods': size=120000Kb used=10942Kb max_used=11099Kb free=109057Kb
 bounds [0x0000021de9890000, 0x0000021dea380000, 0x0000021df0dc0000]
CodeHeap 'profiled nmethods': size=120000Kb used=28707Kb max_used=28707Kb free=91293Kb
 bounds [0x0000021de1dc0000, 0x0000021de39d0000, 0x0000021de92f0000]
CodeHeap 'non-nmethods': size=5760Kb used=2958Kb max_used=3042Kb free=2802Kb
 bounds [0x0000021de92f0000, 0x0000021de9600000, 0x0000021de9890000]
CodeCache: size=245760Kb, used=42607Kb, max_used=42848Kb, free=203152Kb
 total_blobs=16507, nmethods=15459, adapters=952, full_count=0
Compilation: enabled, stopped_count=0, restarted_count=0

Compilation events (20 events):
Event: 32.537 Thread 0x0000021df64c8c60 nmethod 19258 0x0000021de39c5a10 code [0x0000021de39c5be0, 0x0000021de39c5f48]
Event: 32.538 Thread 0x0000021df64c8c60 19260       2       com.android.tools.r8.internal.vk1::S (26 bytes)
Event: 32.538 Thread 0x0000021df64c8c60 nmethod 19260 0x0000021de39c6110 code [0x0000021de39c62c0, 0x0000021de39c64b0]
Event: 32.538 Thread 0x0000021df64c8c60 19261       2       com.android.tools.r8.internal.fj0::<init> (7 bytes)
Event: 32.538 Thread 0x0000021df64c8c60 nmethod 19261 0x0000021de39c6590 code [0x0000021de39c6740, 0x0000021de39c6860]
Event: 32.538 Thread 0x0000021df64c8c60 19265       2       com.android.tools.r8.internal.ks2::b (14 bytes)
Event: 32.538 Thread 0x0000021df64c8c60 nmethod 19265 0x0000021de39c6910 code [0x0000021de39c6ac0, 0x0000021de39c6c28]
Event: 32.538 Thread 0x0000021df64c8c60 19262       2       com.android.tools.r8.internal.vk1::c (73 bytes)
Event: 32.539 Thread 0x0000021df64c8c60 nmethod 19262 0x0000021de39c6d10 code [0x0000021de39c6ee0, 0x0000021de39c71c0]
Event: 32.539 Thread 0x0000021df64c8c60 19263       2       com.android.tools.r8.internal.vk1$f::b (11 bytes)
Event: 32.539 Thread 0x0000021df64c8c60 nmethod 19263 0x0000021de39c7310 code [0x0000021de39c74c0, 0x0000021de39c7608]
Event: 32.539 Thread 0x0000021df64c8c60 19264   !   2       com.android.tools.r8.graph.i6::c (35 bytes)
Event: 32.540 Thread 0x0000021df64c8c60 nmethod 19264 0x0000021de39c7690 code [0x0000021de39c7860, 0x0000021de39c7a98]
Event: 32.542 Thread 0x0000021df64c8c60 19266       2       com.android.tools.r8.internal.mj0::<init> (7 bytes)
Event: 32.542 Thread 0x0000021df64c8c60 nmethod 19266 0x0000021de39c7c10 code [0x0000021de39c7dc0, 0x0000021de39c7ee0]
Event: 32.543 Thread 0x0000021df64c8c60 19267       2       com.android.tools.r8.internal.we0::<init> (128 bytes)
Event: 32.544 Thread 0x0000021df64c8c60 nmethod 19267 0x0000021de39c7f90 code [0x0000021de39c8160, 0x0000021de39c8528]
Event: 32.544 Thread 0x0000021df64c8c60 19268       2       jdk.internal.util.ArraysSupport::hashCode (33 bytes)
Event: 32.544 Thread 0x0000021df64c8c60 nmethod 19268 0x0000021de39c8790 code [0x0000021de39c8940, 0x0000021de39c8ac0]
Event: 32.546 Thread 0x0000021df64c8c60 19269       3       com.android.tools.r8.internal.bj0::<init> (7 bytes)

GC Heap History (20 events):
Event: 22.865 GC heap before
{Heap before GC invocations=48 (full 0):
 garbage-first heap   total 240640K, used 182899K [0x0000000080000000, 0x0000000100000000)
  region size 1024K, 41 young (41984K), 3 survivors (3072K)
 Metaspace       used 112426K, committed 114688K, reserved 1179648K
  class space    used 15750K, committed 16832K, reserved 1048576K
}
Event: 22.878 GC heap after
{Heap after GC invocations=49 (full 0):
 garbage-first heap   total 240640K, used 142051K [0x0000000080000000, 0x0000000100000000)
  region size 1024K, 6 young (6144K), 6 survivors (6144K)
 Metaspace       used 112426K, committed 114688K, reserved 1179648K
  class space    used 15750K, committed 16832K, reserved 1048576K
}
Event: 23.564 GC heap before
{Heap before GC invocations=49 (full 0):
 garbage-first heap   total 240640K, used 220899K [0x0000000080000000, 0x0000000100000000)
  region size 1024K, 69 young (70656K), 6 survivors (6144K)
 Metaspace       used 115030K, committed 117312K, reserved 1179648K
  class space    used 15992K, committed 17088K, reserved 1048576K
}
Event: 23.582 GC heap after
{Heap after GC invocations=50 (full 0):
 garbage-first heap   total 242688K, used 151723K [0x0000000080000000, 0x0000000100000000)
  region size 1024K, 9 young (9216K), 9 survivors (9216K)
 Metaspace       used 115030K, committed 117312K, reserved 1179648K
  class space    used 15992K, committed 17088K, reserved 1048576K
}
Event: 24.308 GC heap before
{Heap before GC invocations=50 (full 0):
 garbage-first heap   total 242688K, used 210091K [0x0000000080000000, 0x0000000100000000)
  region size 1024K, 67 young (68608K), 9 survivors (9216K)
 Metaspace       used 117143K, committed 119360K, reserved 1179648K
  class space    used 16205K, committed 17280K, reserved 1048576K
}
Event: 24.318 GC heap after
{Heap after GC invocations=51 (full 0):
 garbage-first heap   total 291840K, used 155808K [0x0000000080000000, 0x0000000100000000)
  region size 1024K, 4 young (4096K), 4 survivors (4096K)
 Metaspace       used 117143K, committed 119360K, reserved 1179648K
  class space    used 16205K, committed 17280K, reserved 1048576K
}
Event: 25.095 GC heap before
{Heap before GC invocations=52 (full 0):
 garbage-first heap   total 291840K, used 230560K [0x0000000080000000, 0x0000000100000000)
  region size 1024K, 78 young (79872K), 4 survivors (4096K)
 Metaspace       used 118829K, committed 121088K, reserved 1179648K
  class space    used 16410K, committed 17472K, reserved 1048576K
}
Event: 25.103 GC heap after
{Heap after GC invocations=53 (full 0):
 garbage-first heap   total 291840K, used 160378K [0x0000000080000000, 0x0000000100000000)
  region size 1024K, 8 young (8192K), 8 survivors (8192K)
 Metaspace       used 118829K, committed 121088K, reserved 1179648K
  class space    used 16410K, committed 17472K, reserved 1048576K
}
Event: 26.617 GC heap before
{Heap before GC invocations=53 (full 0):
 garbage-first heap   total 291840K, used 257658K [0x0000000080000000, 0x0000000100000000)
  region size 1024K, 104 young (106496K), 8 survivors (8192K)
 Metaspace       used 121076K, committed 123328K, reserved 1179648K
  class space    used 16680K, committed 17792K, reserved 1048576K
}
Event: 26.632 GC heap after
{Heap after GC invocations=54 (full 0):
 garbage-first heap   total 291840K, used 154487K [0x0000000080000000, 0x0000000100000000)
  region size 1024K, 12 young (12288K), 12 survivors (12288K)
 Metaspace       used 121076K, committed 123328K, reserved 1179648K
  class space    used 16680K, committed 17792K, reserved 1048576K
}
Event: 27.181 GC heap before
{Heap before GC invocations=54 (full 0):
 garbage-first heap   total 291840K, used 195447K [0x0000000080000000, 0x0000000100000000)
  region size 1024K, 54 young (55296K), 12 survivors (12288K)
 Metaspace       used 122039K, committed 124288K, reserved 1179648K
  class space    used 16793K, committed 17920K, reserved 1048576K
}
Event: 27.194 GC heap after
{Heap after GC invocations=55 (full 0):
 garbage-first heap   total 291840K, used 157390K [0x0000000080000000, 0x0000000100000000)
  region size 1024K, 10 young (10240K), 10 survivors (10240K)
 Metaspace       used 122039K, committed 124288K, reserved 1179648K
  class space    used 16793K, committed 17920K, reserved 1048576K
}
Event: 28.651 GC heap before
{Heap before GC invocations=56 (full 0):
 garbage-first heap   total 291840K, used 260814K [0x0000000080000000, 0x0000000100000000)
  region size 1024K, 111 young (113664K), 10 survivors (10240K)
 Metaspace       used 125293K, committed 127552K, reserved 1179648K
  class space    used 17243K, committed 18368K, reserved 1048576K
}
Event: 28.668 GC heap after
{Heap after GC invocations=57 (full 0):
 garbage-first heap   total 291840K, used 169414K [0x0000000080000000, 0x0000000100000000)
  region size 1024K, 14 young (14336K), 14 survivors (14336K)
 Metaspace       used 125293K, committed 127552K, reserved 1179648K
  class space    used 17243K, committed 18368K, reserved 1048576K
}
Event: 29.452 GC heap before
{Heap before GC invocations=57 (full 0):
 garbage-first heap   total 291840K, used 290246K [0x0000000080000000, 0x0000000100000000)
  region size 1024K, 96 young (98304K), 14 survivors (14336K)
 Metaspace       used 127002K, committed 129280K, reserved 1179648K
  class space    used 17491K, committed 18560K, reserved 1048576K
}
Event: 29.470 GC heap after
{Heap after GC invocations=58 (full 0):
 garbage-first heap   total 316416K, used 173326K [0x0000000080000000, 0x0000000100000000)
  region size 1024K, 11 young (11264K), 11 survivors (11264K)
 Metaspace       used 127002K, committed 129280K, reserved 1179648K
  class space    used 17491K, committed 18560K, reserved 1048576K
}
Event: 30.615 GC heap before
{Heap before GC invocations=58 (full 0):
 garbage-first heap   total 316416K, used 230670K [0x0000000080000000, 0x0000000100000000)
  region size 1024K, 69 young (70656K), 11 survivors (11264K)
 Metaspace       used 127148K, committed 129472K, reserved 1179648K
  class space    used 17507K, committed 18624K, reserved 1048576K
}
Event: 30.633 GC heap after
{Heap after GC invocations=59 (full 0):
 garbage-first heap   total 316416K, used 182272K [0x0000000080000000, 0x0000000100000000)
  region size 1024K, 11 young (11264K), 11 survivors (11264K)
 Metaspace       used 127148K, committed 129472K, reserved 1179648K
  class space    used 17507K, committed 18624K, reserved 1048576K
}
Event: 32.138 GC heap before
{Heap before GC invocations=60 (full 0):
 garbage-first heap   total 316416K, used 279552K [0x0000000080000000, 0x0000000100000000)
  region size 1024K, 105 young (107520K), 11 survivors (11264K)
 Metaspace       used 131977K, committed 134336K, reserved 1179648K
  class space    used 18333K, committed 19456K, reserved 1048576K
}
Event: 32.165 GC heap after
{Heap after GC invocations=61 (full 0):
 garbage-first heap   total 316416K, used 199680K [0x0000000080000000, 0x0000000100000000)
  region size 1024K, 14 young (14336K), 14 survivors (14336K)
 Metaspace       used 131977K, committed 134336K, reserved 1179648K
  class space    used 18333K, committed 19456K, reserved 1048576K
}

Dll operation events (3 events):
Event: 0.010 Loaded shared library C:\Program Files\Android\Android Studio\jbr\bin\java.dll
Event: 0.016 Loaded shared library C:\Program Files\Android\Android Studio\jbr\bin\zip.dll
Event: 0.822 Loaded shared library C:\Program Files\Android\Android Studio\jbr\bin\verify.dll

Deoptimization events (20 events):
Event: 32.110 Thread 0x0000021dfea55ac0 Uncommon trap: trap_request=0xffffff45 fr.pc=0x0000021de9bb8f84 relative=0x0000000000002684
Event: 32.110 Thread 0x0000021dfea55ac0 Uncommon trap: reason=unstable_if action=reinterpret pc=0x0000021de9bb8f84 method=java.lang.ClassLoader.defineClassSourceLocation(Ljava/security/ProtectionDomain;)Ljava/lang/String; @ 15 c2
Event: 32.110 Thread 0x0000021dfea55ac0 DEOPT PACKING pc=0x0000021de9bb8f84 sp=0x0000007ae61f76e0
Event: 32.110 Thread 0x0000021dfea55ac0 DEOPT UNPACKING pc=0x0000021de93446a2 sp=0x0000007ae61f7620 mode 2
Event: 32.124 Thread 0x0000021dfc4c8ff0 Uncommon trap: trap_request=0xffffff45 fr.pc=0x0000021de9c481cc relative=0x0000000000000cac
Event: 32.124 Thread 0x0000021dfc4c8ff0 Uncommon trap: reason=unstable_if action=reinterpret pc=0x0000021de9c481cc method=com.android.tools.r8.dex.c0.a(ILjava/util/function/Supplier;)Ljava/lang/Object; @ 1 c2
Event: 32.124 Thread 0x0000021dfc4c8ff0 DEOPT PACKING pc=0x0000021de9c481cc sp=0x0000007aeabfef50
Event: 32.124 Thread 0x0000021dfc4c8ff0 DEOPT UNPACKING pc=0x0000021de93446a2 sp=0x0000007aeabfef48 mode 2
Event: 32.188 Thread 0x0000021dfea55ac0 Uncommon trap: trap_request=0xffffff45 fr.pc=0x0000021de9e73f94 relative=0x0000000000000134
Event: 32.188 Thread 0x0000021dfea55ac0 Uncommon trap: reason=unstable_if action=reinterpret pc=0x0000021de9e73f94 method=java.lang.Class.getTypeName()Ljava/lang/String; @ 23 c2
Event: 32.188 Thread 0x0000021dfea55ac0 DEOPT PACKING pc=0x0000021de9e73f94 sp=0x0000007ae61f9170
Event: 32.188 Thread 0x0000021dfea55ac0 DEOPT UNPACKING pc=0x0000021de93446a2 sp=0x0000007ae61f90f8 mode 2
Event: 32.197 Thread 0x0000021dfc4c7c40 DEOPT PACKING pc=0x0000021de294a6f6 sp=0x0000007aea8fe5e0
Event: 32.197 Thread 0x0000021dfc4c7c40 DEOPT UNPACKING pc=0x0000021de9344e42 sp=0x0000007aea8fdae8 mode 0
Event: 32.301 Thread 0x0000021dfc4c8960 DEOPT PACKING pc=0x0000021de3758e94 sp=0x0000007aea9fedc0
Event: 32.301 Thread 0x0000021dfc4c8960 DEOPT UNPACKING pc=0x0000021de9344e42 sp=0x0000007aea9fe2b8 mode 0
Event: 32.346 Thread 0x0000021dfea55ac0 Uncommon trap: trap_request=0xffffff45 fr.pc=0x0000021dea197994 relative=0x0000000000000bd4
Event: 32.346 Thread 0x0000021dfea55ac0 Uncommon trap: reason=unstable_if action=reinterpret pc=0x0000021dea197994 method=com.google.gson.stream.JsonWriter.string(Ljava/lang/String;)V @ 4 c2
Event: 32.346 Thread 0x0000021dfea55ac0 DEOPT PACKING pc=0x0000021dea197994 sp=0x0000007ae61f9ef0
Event: 32.346 Thread 0x0000021dfea55ac0 DEOPT UNPACKING pc=0x0000021de93446a2 sp=0x0000007ae61f9ea0 mode 2

Classes loaded (20 events):
Event: 32.073 Loading class jdk/management/jfr/FlightRecorderMXBeanImpl$MXBeanListener
Event: 32.073 Loading class jdk/jfr/FlightRecorderListener
Event: 32.073 Loading class jdk/jfr/FlightRecorderListener done
Event: 32.073 Loading class jdk/management/jfr/FlightRecorderMXBeanImpl$MXBeanListener done
Event: 32.073 Loading class javax/management/ListenerNotFoundException
Event: 32.073 Loading class javax/management/ListenerNotFoundException done
Event: 32.073 Loading class jdk/jfr/FlightRecorder
Event: 32.074 Loading class jdk/jfr/FlightRecorder done
Event: 32.107 Loading class com/sun/jmx/mbeanserver/StandardMBeanSupport
Event: 32.107 Loading class com/sun/jmx/mbeanserver/StandardMBeanSupport done
Event: 32.107 Loading class com/sun/jmx/mbeanserver/StandardMBeanIntrospector
Event: 32.108 Loading class com/sun/jmx/mbeanserver/StandardMBeanIntrospector done
Event: 32.109 Loading class sun/reflect/misc/MethodUtil
Event: 32.109 Loading class sun/reflect/misc/MethodUtil done
Event: 32.109 Loading class sun/reflect/misc/MethodUtil$1
Event: 32.110 Loading class sun/reflect/misc/MethodUtil$1 done
Event: 32.441 Loading class java/nio/channels/Channels$WritableByteChannelImpl
Event: 32.441 Loading class java/nio/channels/Channels$WritableByteChannelImpl done
Event: 32.443 Loading class java/util/Collections$UnmodifiableSortedMap
Event: 32.443 Loading class java/util/Collections$UnmodifiableSortedMap done

Classes unloaded (0 events):
No events

Classes redefined (0 events):
No events

Internal exceptions (20 events):
Event: 31.563 Thread 0x0000021dfea5a2f0 Exception <a 'sun/nio/fs/WindowsException'{0x00000000902fb8c8}> (0x00000000902fb8c8) 
thrown [s\src\hotspot\share\prims\jni.cpp, line 537]
Event: 31.564 Thread 0x0000021dfea5a2f0 Exception <a 'sun/nio/fs/WindowsException'{0x000000008ee3ba00}> (0x000000008ee3ba00) 
thrown [s\src\hotspot\share\prims\jni.cpp, line 537]
Event: 31.638 Thread 0x0000021dfc4c54e0 Exception <a 'java/lang/IncompatibleClassChangeError'{0x000000008e52efe0}: Found class java.lang.Object, but interface was expected> (0x000000008e52efe0) 
thrown [s\src\hotspot\share\interpreter\linkResolver.cpp, line 851]
Event: 31.638 Thread 0x0000021dfc4c54e0 Exception <a 'java/lang/IncompatibleClassChangeError'{0x000000008e5327d0}: Found class java.lang.Object, but interface was expected> (0x000000008e5327d0) 
thrown [s\src\hotspot\share\interpreter\linkResolver.cpp, line 851]
Event: 31.648 Thread 0x0000021dfc4c75b0 Exception <a 'java/lang/NoSuchMethodError'{0x000000008e59abb8}: 'long java.lang.invoke.DirectMethodHandle$Holder.invokeStatic(java.lang.Object, java.lang.Object, java.lang.Object)'> (0x000000008e59abb8) 
thrown [s\src\hotspot\share\interpreter\linkResolver.cpp, line 784]
Event: 31.648 Thread 0x0000021dfc4c7c40 Exception <a 'java/lang/NoSuchMethodError'{0x000000008e5902a0}: 'long java.lang.invoke.DirectMethodHandle$Holder.invokeStatic(java.lang.Object, java.lang.Object, java.lang.Object)'> (0x000000008e5902a0) 
thrown [s\src\hotspot\share\interpreter\linkResolver.cpp, line 784]
Event: 31.678 Thread 0x0000021dfea55ac0 Exception <a 'sun/nio/fs/WindowsException'{0x000000008e097150}> (0x000000008e097150) 
thrown [s\src\hotspot\share\prims\jni.cpp, line 537]
Event: 31.682 Thread 0x0000021dfea55ac0 Exception <a 'sun/nio/fs/WindowsException'{0x000000008df01d30}> (0x000000008df01d30) 
thrown [s\src\hotspot\share\prims\jni.cpp, line 537]
Event: 31.756 Thread 0x0000021dfea55ac0 Exception <a 'java/lang/IncompatibleClassChangeError'{0x000000008d1b9808}: Found class java.lang.Object, but interface was expected> (0x000000008d1b9808) 
thrown [s\src\hotspot\share\interpreter\linkResolver.cpp, line 851]
Event: 32.110 Thread 0x0000021dfea55ac0 Implicit null exception at 0x0000021de9b7a108 to 0x0000021de9b7a18c
Event: 32.256 Thread 0x0000021dfea55ac0 Exception <a 'sun/nio/fs/WindowsException'{0x00000000ff54d7b8}> (0x00000000ff54d7b8) 
thrown [s\src\hotspot\share\prims\jni.cpp, line 537]
Event: 32.261 Thread 0x0000021dfea55ac0 Exception <a 'sun/nio/fs/WindowsException'{0x00000000fee7bc90}> (0x00000000fee7bc90) 
thrown [s\src\hotspot\share\prims\jni.cpp, line 537]
Event: 32.265 Thread 0x0000021dfea55ac0 Exception <a 'sun/nio/fs/WindowsException'{0x00000000fee7ce98}> (0x00000000fee7ce98) 
thrown [s\src\hotspot\share\prims\jni.cpp, line 537]
Event: 32.266 Thread 0x0000021dfea55ac0 Exception <a 'sun/nio/fs/WindowsException'{0x00000000fee7d038}> (0x00000000fee7d038) 
thrown [s\src\hotspot\share\prims\jni.cpp, line 537]
Event: 32.266 Thread 0x0000021dfea55ac0 Exception <a 'sun/nio/fs/WindowsException'{0x00000000fee7e468}> (0x00000000fee7e468) 
thrown [s\src\hotspot\share\prims\jni.cpp, line 537]
Event: 32.312 Thread 0x0000021dfea55ac0 Exception <a 'sun/nio/fs/WindowsException'{0x00000000febc2860}> (0x00000000febc2860) 
thrown [s\src\hotspot\share\prims\jni.cpp, line 537]
Event: 32.341 Thread 0x0000021dfea55ac0 Exception <a 'sun/nio/fs/WindowsException'{0x0000000090ced528}> (0x0000000090ced528) 
thrown [s\src\hotspot\share\prims\jni.cpp, line 537]
Event: 32.341 Thread 0x0000021dfea55ac0 Exception <a 'sun/nio/fs/WindowsException'{0x0000000090cee760}> (0x0000000090cee760) 
thrown [s\src\hotspot\share\prims\jni.cpp, line 537]
Event: 32.341 Thread 0x0000021dfea55ac0 Exception <a 'sun/nio/fs/WindowsException'{0x0000000090cee930}> (0x0000000090cee930) 
thrown [s\src\hotspot\share\prims\jni.cpp, line 537]
Event: 32.366 Thread 0x0000021dfea55ac0 Exception <a 'sun/nio/fs/WindowsException'{0x0000000090333768}> (0x0000000090333768) 
thrown [s\src\hotspot\share\prims\jni.cpp, line 537]

ZGC Phase Switch (0 events):
No events

VM Operations (20 events):
Event: 30.859 Executing VM operation: G1PauseRemark done
Event: 30.979 Executing VM operation: G1PauseCleanup
Event: 30.984 Executing VM operation: G1PauseCleanup done
Event: 31.406 Executing VM operation: HandshakeAllThreads (Deoptimize)
Event: 31.422 Executing VM operation: HandshakeAllThreads (Deoptimize) done
Event: 31.567 Executing VM operation: ICBufferFull
Event: 31.567 Executing VM operation: ICBufferFull done
Event: 31.707 Executing VM operation: HandshakeAllThreads (Deoptimize)
Event: 31.708 Executing VM operation: HandshakeAllThreads (Deoptimize) done
Event: 31.717 Executing VM operation: HandshakeAllThreads (Deoptimize)
Event: 31.718 Executing VM operation: HandshakeAllThreads (Deoptimize) done
Event: 32.045 Executing VM operation: HandshakeAllThreads (Deoptimize)
Event: 32.048 Executing VM operation: HandshakeAllThreads (Deoptimize) done
Event: 32.126 Executing VM operation: G1CollectForAllocation (G1 Evacuation Pause)
Event: 32.166 Executing VM operation: G1CollectForAllocation (G1 Evacuation Pause) done
Event: 32.261 Executing VM operation: HandshakeAllThreads (Deoptimize)
Event: 32.301 Executing VM operation: HandshakeAllThreads (Deoptimize) done
Event: 32.411 Executing VM operation: HandshakeAllThreads (Deoptimize)
Event: 32.451 Executing VM operation: HandshakeAllThreads (Deoptimize) done
Event: 32.631 Executing VM operation: G1CollectForAllocation (G1 Evacuation Pause)

Memory protections (0 events):
No events

Nmethod flushes (20 events):
Event: 30.857 Thread 0x0000021df640d490 flushing  nmethod 0x0000021de313ee10
Event: 30.857 Thread 0x0000021df640d490 flushing  nmethod 0x0000021de3140b10
Event: 30.857 Thread 0x0000021df640d490 flushing  nmethod 0x0000021de3141310
Event: 30.857 Thread 0x0000021df640d490 flushing  nmethod 0x0000021de317fe10
Event: 30.857 Thread 0x0000021df640d490 flushing  nmethod 0x0000021de3223890
Event: 30.857 Thread 0x0000021df640d490 flushing  nmethod 0x0000021de32cb990
Event: 30.857 Thread 0x0000021df640d490 flushing  nmethod 0x0000021de32cbd90
Event: 30.857 Thread 0x0000021df640d490 flushing  nmethod 0x0000021de342cc10
Event: 30.857 Thread 0x0000021df640d490 flushing  nmethod 0x0000021de3435490
Event: 30.857 Thread 0x0000021df640d490 flushing  nmethod 0x0000021de34c9b10
Event: 30.857 Thread 0x0000021df640d490 flushing  nmethod 0x0000021de34d6790
Event: 30.857 Thread 0x0000021df640d490 flushing  nmethod 0x0000021de34d7790
Event: 30.857 Thread 0x0000021df640d490 flushing  nmethod 0x0000021de34e1190
Event: 30.857 Thread 0x0000021df640d490 flushing  nmethod 0x0000021de34e1a90
Event: 30.857 Thread 0x0000021df640d490 flushing  nmethod 0x0000021de3576a10
Event: 30.857 Thread 0x0000021df640d490 flushing  nmethod 0x0000021de3579b10
Event: 30.857 Thread 0x0000021df640d490 flushing  nmethod 0x0000021de3649990
Event: 30.857 Thread 0x0000021df640d490 flushing  nmethod 0x0000021de3649f90
Event: 30.857 Thread 0x0000021df640d490 flushing  nmethod 0x0000021de364c010
Event: 30.857 Thread 0x0000021df640d490 flushing  nmethod 0x0000021de364c610

Events (20 events):
Event: 25.829 Thread 0x0000021dfea59c60 Thread added: 0x0000021d81e9d710
Event: 26.119 Thread 0x0000021dfea5a2f0 Thread added: 0x0000021d81e9a290
Event: 26.120 Thread 0x0000021dfea5a2f0 Thread added: 0x0000021d81e9dda0
Event: 26.121 Thread 0x0000021dfea5a2f0 Thread added: 0x0000021d81e9a920
Event: 26.121 Thread 0x0000021dfea5a2f0 Thread added: 0x0000021d81e9e430
Event: 26.768 Thread 0x0000021dfea5ca50 Thread added: 0x0000021d81ea1220
Event: 28.042 Thread 0x0000021d80d8c4e0 Thread added: 0x0000021d82d8d940
Event: 28.358 Thread 0x0000021d80d8c4e0 Thread added: 0x0000021d82d8ab50
Event: 28.358 Thread 0x0000021d80d8c4e0 Thread added: 0x0000021d82d8b1e0
Event: 28.418 Thread 0x0000021dfea5a980 Thread added: 0x0000021d82d8b870
Event: 28.418 Thread 0x0000021dfea5a980 Thread added: 0x0000021dff760870
Event: 29.297 Thread 0x0000021dff75fb50 Thread exited: 0x0000021dff75fb50
Event: 31.513 Thread 0x0000021d81805280 Thread added: 0x0000021dfc4c75b0
Event: 31.516 Thread 0x0000021dfc4c75b0 Thread added: 0x0000021dfc4c4130
Event: 31.517 Thread 0x0000021dfc4c4130 Thread added: 0x0000021dfc4c82d0
Event: 31.526 Thread 0x0000021dfc4c82d0 Thread added: 0x0000021dfc4c7c40
Event: 31.536 Thread 0x0000021dfc4c7c40 Thread added: 0x0000021dfc4c8960
Event: 31.537 Thread 0x0000021dfc4c8960 Thread added: 0x0000021dfc4c54e0
Event: 31.537 Thread 0x0000021dfc4c54e0 Thread added: 0x0000021dfc4c8ff0
Event: 31.541 Thread 0x0000021dfc4c8ff0 Thread added: 0x0000021dfc4cb0c0


Dynamic libraries:
0x00007ff6b83e0000 - 0x00007ff6b83ea000 	C:\Program Files\Android\Android Studio\jbr\bin\java.exe
0x00007ffffab80000 - 0x00007ffffade7000 	C:\WINDOWS\SYSTEM32\ntdll.dll
0x00007ffff94c0000 - 0x00007ffff9589000 	C:\WINDOWS\System32\KERNEL32.DLL
0x00007ffff8320000 - 0x00007ffff870f000 	C:\WINDOWS\System32\KERNELBASE.dll
0x00007ffff7e50000 - 0x00007ffff7f9b000 	C:\WINDOWS\System32\ucrtbase.dll
0x00007fffc8960000 - 0x00007fffc897b000 	C:\Program Files\Android\Android Studio\jbr\bin\VCRUNTIME140.dll
0x00007fffdfa10000 - 0x00007fffdfa28000 	C:\Program Files\Android\Android Studio\jbr\bin\jli.dll
0x00007ffffa970000 - 0x00007ffffab35000 	C:\WINDOWS\System32\USER32.dll
0x00007fffe7050000 - 0x00007fffe72e3000 	C:\WINDOWS\WinSxS\amd64_microsoft.windows.common-controls_6595b64144ccf1df_6.0.26100.7309_none_3e05feeae336a044\COMCTL32.dll
0x00007ffff7fa0000 - 0x00007ffff7fc7000 	C:\WINDOWS\System32\win32u.dll
0x00007ffffa380000 - 0x00007ffffa429000 	C:\WINDOWS\System32\msvcrt.dll
0x00007ffff8f10000 - 0x00007ffff8f3b000 	C:\WINDOWS\System32\GDI32.dll
0x00007ffff81f0000 - 0x00007ffff831c000 	C:\WINDOWS\System32\gdi32full.dll
0x00007ffff8720000 - 0x00007ffff87c3000 	C:\WINDOWS\System32\msvcp_win.dll
0x00007ffff9040000 - 0x00007ffff9071000 	C:\WINDOWS\System32\IMM32.DLL
0x00007fffe87b0000 - 0x00007fffe87bc000 	C:\Program Files\Android\Android Studio\jbr\bin\vcruntime140_1.dll
0x00007fffabfc0000 - 0x00007fffac04d000 	C:\Program Files\Android\Android Studio\jbr\bin\msvcp140.dll
0x00007fff65d90000 - 0x00007fff66a26000 	C:\Program Files\Android\Android Studio\jbr\bin\server\jvm.dll
0x00007ffff9130000 - 0x00007ffff91e4000 	C:\WINDOWS\System32\ADVAPI32.dll
0x00007ffffa6a0000 - 0x00007ffffa746000 	C:\WINDOWS\System32\sechost.dll
0x00007ffff92b0000 - 0x00007ffff93c8000 	C:\WINDOWS\System32\RPCRT4.dll
0x00007ffff9810000 - 0x00007ffff9884000 	C:\WINDOWS\System32\WS2_32.dll
0x00007ffff7b30000 - 0x00007ffff7b8e000 	C:\WINDOWS\SYSTEM32\POWRPROF.dll
0x00007fffe3980000 - 0x00007fffe39b5000 	C:\WINDOWS\SYSTEM32\WINMM.dll
0x00007fffee5d0000 - 0x00007fffee5db000 	C:\WINDOWS\SYSTEM32\VERSION.dll
0x00007ffff7b10000 - 0x00007ffff7b24000 	C:\WINDOWS\SYSTEM32\UMPDC.dll
0x00007ffff6a80000 - 0x00007ffff6a9b000 	C:\WINDOWS\SYSTEM32\kernel.appcore.dll
0x00007fffe8770000 - 0x00007fffe877a000 	C:\Program Files\Android\Android Studio\jbr\bin\jimage.dll
0x00007ffff2120000 - 0x00007ffff2362000 	C:\WINDOWS\SYSTEM32\DBGHELP.DLL
0x00007ffff9890000 - 0x00007ffff9c15000 	C:\WINDOWS\System32\combase.dll
0x00007ffff8db0000 - 0x00007ffff8e86000 	C:\WINDOWS\System32\OLEAUT32.dll
0x00007fffdbd70000 - 0x00007fffdbdac000 	C:\WINDOWS\SYSTEM32\dbgcore.DLL
0x00007ffff7fd0000 - 0x00007ffff8075000 	C:\WINDOWS\System32\bcryptPrimitives.dll
0x00007fffdfa00000 - 0x00007fffdfa0e000 	C:\Program Files\Android\Android Studio\jbr\bin\instrument.dll
0x00007fffbbb80000 - 0x00007fffbbba0000 	C:\Program Files\Android\Android Studio\jbr\bin\java.dll
0x00007fffbb930000 - 0x00007fffbb948000 	C:\Program Files\Android\Android Studio\jbr\bin\zip.dll
0x00007ffff9c20000 - 0x00007ffffa373000 	C:\WINDOWS\System32\SHELL32.dll
0x00007ffff8080000 - 0x00007ffff81ea000 	C:\WINDOWS\System32\wintypes.dll
0x00007ffff5910000 - 0x00007ffff616e000 	C:\WINDOWS\SYSTEM32\windows.storage.dll
0x00007ffff8f40000 - 0x00007ffff9035000 	C:\WINDOWS\System32\SHCORE.dll
0x00007ffff9240000 - 0x00007ffff92a6000 	C:\WINDOWS\System32\shlwapi.dll
0x00007ffff7bf0000 - 0x00007ffff7c19000 	C:\WINDOWS\SYSTEM32\profapi.dll
0x00007fffe86b0000 - 0x00007fffe86c0000 	C:\Program Files\Android\Android Studio\jbr\bin\net.dll
0x00007fffed450000 - 0x00007fffed578000 	C:\WINDOWS\SYSTEM32\WINHTTP.dll
0x00007ffff6ff0000 - 0x00007ffff705b000 	C:\WINDOWS\system32\mswsock.dll
0x00007fffba2a0000 - 0x00007fffba2b6000 	C:\Program Files\Android\Android Studio\jbr\bin\nio.dll
0x00007fffdc320000 - 0x00007fffdc330000 	C:\Program Files\Android\Android Studio\jbr\bin\verify.dll
0x00007fffba270000 - 0x00007fffba297000 	C:\Users\Muhammad Ali\.gradle\native\1def1411415f61bf3af743bc5b6707747c0891f09f0c88961ee8f79bc544acac\windows-amd64\native-platform.dll
0x00007fffabf40000 - 0x00007fffabfb8000 	C:\Users\Muhammad Ali\.gradle\native\0.2.7\x86_64-windows-gnu\gradle-fileevents.dll
0x00007fffdf9b0000 - 0x00007fffdf9b9000 	C:\Program Files\Android\Android Studio\jbr\bin\management.dll
0x00007fffdeff0000 - 0x00007fffdeffb000 	C:\Program Files\Android\Android Studio\jbr\bin\management_ext.dll
0x00007ffff9120000 - 0x00007ffff9128000 	C:\WINDOWS\System32\PSAPI.DLL
0x00007ffff6490000 - 0x00007ffff64c4000 	C:\WINDOWS\SYSTEM32\IPHLPAPI.DLL
0x00007ffffa610000 - 0x00007ffffa61a000 	C:\WINDOWS\System32\NSI.dll
0x00007fffe85c0000 - 0x00007fffe85c9000 	C:\Program Files\Android\Android Studio\jbr\bin\extnet.dll
0x00007ffff72b0000 - 0x00007ffff72cb000 	C:\WINDOWS\SYSTEM32\CRYPTSP.dll
0x00007ffff69e0000 - 0x00007ffff6a1a000 	C:\WINDOWS\system32\rsaenh.dll
0x00007ffff70a0000 - 0x00007ffff70cb000 	C:\WINDOWS\SYSTEM32\USERENV.dll
0x00007ffff7bc0000 - 0x00007ffff7bea000 	C:\WINDOWS\SYSTEM32\bcrypt.dll
0x00007ffff72d0000 - 0x00007ffff72dc000 	C:\WINDOWS\SYSTEM32\CRYPTBASE.dll
0x00007fffee0c0000 - 0x00007fffee0c8000 	C:\WINDOWS\system32\wshunix.dll

JVMTI agents:
C:\Users\Muhammad Ali\.gradle\wrapper\dists\gradle-8.13-bin\5xuhj0ry160q40clulazy9h7d\gradle-8.13\lib\agents\gradle-instrumentation-agent-8.13.jar path:C:\Program Files\Android\Android Studio\jbr\bin\instrument.dll, loaded, initialized, instrumentlib options:none

dbghelp: loaded successfully - version: 4.0.5 - missing functions: none
symbol engine: initialized successfully - sym options: 0x614 - pdb path: .;C:\Program Files\Android\Android Studio\jbr\bin;C:\WINDOWS\SYSTEM32;C:\WINDOWS\WinSxS\amd64_microsoft.windows.common-controls_6595b64144ccf1df_6.0.26100.7309_none_3e05feeae336a044;C:\Program Files\Android\Android Studio\jbr\bin\server;C:\Users\Muhammad Ali\.gradle\native\1def1411415f61bf3af743bc5b6707747c0891f09f0c88961ee8f79bc544acac\windows-amd64;C:\Users\Muhammad Ali\.gradle\native\0.2.7\x86_64-windows-gnu

VM Arguments:
jvm_args: --add-opens=java.base/java.lang=ALL-UNNAMED --add-opens=java.base/java.lang.invoke=ALL-UNNAMED --add-opens=java.base/java.util=ALL-UNNAMED --add-opens=java.prefs/java.util.prefs=ALL-UNNAMED --add-exports=jdk.compiler/com.sun.tools.javac.api=ALL-UNNAMED --add-exports=jdk.compiler/com.sun.tools.javac.util=ALL-UNNAMED --add-opens=java.base/java.util=ALL-UNNAMED --add-opens=java.prefs/java.util.prefs=ALL-UNNAMED --add-opens=java.base/java.nio.charset=ALL-UNNAMED --add-opens=java.base/java.net=ALL-UNNAMED --add-opens=java.base/java.util.concurrent.atomic=ALL-UNNAMED --add-opens=java.xml/javax.xml.namespace=ALL-UNNAMED -Xmx2048m -Dfile.encoding=UTF-8 -Duser.country=US -Duser.language=en -Duser.variant -javaagent:C:\Users\Muhammad Ali\.gradle\wrapper\dists\gradle-8.13-bin\5xuhj0ry160q40clulazy9h7d\gradle-8.13\lib\agents\gradle-instrumentation-agent-8.13.jar 
java_command: org.gradle.launcher.daemon.bootstrap.GradleDaemon 8.13
java_class_path (initial): C:\Users\Muhammad Ali\.gradle\wrapper\dists\gradle-8.13-bin\5xuhj0ry160q40clulazy9h7d\gradle-8.13\lib\gradle-daemon-main-8.13.jar
Launcher Type: SUN_STANDARD

[Global flags]
     intx CICompilerCount                          = 4                                         {product} {ergonomic}
     uint ConcGCThreads                            = 2                                         {product} {ergonomic}
     uint G1ConcRefinementThreads                  = 8                                         {product} {ergonomic}
   size_t G1HeapRegionSize                         = 1048576                                   {product} {ergonomic}
    uintx GCDrainStackTargetSize                   = 64                                        {product} {ergonomic}
   size_t InitialHeapSize                          = 268435456                                 {product} {ergonomic}
   size_t MarkStackSize                            = 4194304                                   {product} {ergonomic}
   size_t MaxHeapSize                              = 2147483648                                {product} {command line}
   size_t MaxNewSize                               = 1287651328                                {product} {ergonomic}
   size_t MinHeapDeltaBytes                        = 1048576                                   {product} {ergonomic}
   size_t MinHeapSize                              = 8388608                                   {product} {ergonomic}
    uintx NonNMethodCodeHeapSize                   = 5839372                                {pd product} {ergonomic}
    uintx NonProfiledCodeHeapSize                  = 122909434                              {pd product} {ergonomic}
    uintx ProfiledCodeHeapSize                     = 122909434                              {pd product} {ergonomic}
    uintx ReservedCodeCacheSize                    = 251658240                              {pd product} {ergonomic}
     bool SegmentedCodeCache                       = true                                      {product} {ergonomic}
   size_t SoftMaxHeapSize                          = 2147483648                             {manageable} {ergonomic}
     bool UseCompressedOops                        = true                           {product lp64_product} {ergonomic}
     bool UseG1GC                                  = true                                      {product} {ergonomic}
     bool UseLargePagesIndividualAllocation        = false                                  {pd product} {ergonomic}

Logging:
Log output configuration:
 #0: stdout all=warning uptime,level,tags foldmultilines=false
 #1: stderr all=off uptime,level,tags foldmultilines=false

Environment Variables:
PATH=C:\WINDOWS\system32;C:\WINDOWS;C:\WINDOWS\System32\Wbem;C:\WINDOWS\System32\WindowsPowerShell\v1.0\;C:\WINDOWS\System32\OpenSSH\;C:\Program Files\Git\cmd;C:\Users\Muhammad Ali\AppData\Local\Microsoft\WindowsApps;
USERNAME=Muhammad Ali
OS=Windows_NT
PROCESSOR_IDENTIFIER=Intel64 Family 6 Model 142 Stepping 10, GenuineIntel
TMP=C:\Users\MUHAMM~1\AppData\Local\Temp
TEMP=C:\Users\MUHAMM~1\AppData\Local\Temp




Periodic native trim disabled

JNI global refs:
JNI global refs: 31, weak refs: 73

JNI global refs memory usage: 835, weak refs: 1465

Process memory usage:
Resident Set Size: 723796K (4% of 16652500K total physical memory with 859684K free physical memory)

OOME stack traces (most recent first):
Classloader memory used:
Loader org.gradle.internal.classloader.VisitableURLClassLoader                         : 44479K
Loader org.gradle.internal.classloader.VisitableURLClassLoader$InstrumentingVisitableURLClassLoader: 41864K
Loader bootstrap                                                                       : 31536K
Loader org.gradle.initialization.MixInLegacyTypesClassLoader                           : 13026K
Loader jdk.internal.loader.ClassLoaders$PlatformClassLoader                            : 522K
Loader jdk.internal.reflect.DelegatingClassLoader                                      : 499K
Loader jdk.internal.loader.ClassLoaders$AppClassLoader                                 : 235K
Loader org.gradle.internal.classloader.VisitableURLClassLoader                         : 164K
Loader org.gradle.groovy.scripts.internal.DefaultScriptCompilationHandler$ScriptClassLoader: 135K
Loader org.codehaus.groovy.runtime.callsite.CallSiteClassLoader                        : 27512B
Loader sun.reflect.misc.MethodUtil                                                     : 2984B

Classes loaded by more than one classloader:
Class Program                                                                         : loaded 5 times (x 72B)
Class Build_gradle                                                                    : loaded 3 times (x 130B)
Class Build_gradle$1                                                                  : loaded 3 times (x 74B)
Class com.google.common.collect.RegularImmutableMap$KeySet                            : loaded 2 times (x 152B)
Class ijKotlinCoroutineJvmDebugInit1_3doq0wd6mmxkhuk4x2jk37ti$_run_closure1           : loaded 2 times (x 139B)
Class ijJvmDebugger1_2l7309hp9h2qcckjol5ilcusy                                        : loaded 2 times (x 179B)
Class org.gradle.internal.classloader.FilteringClassLoader                            : loaded 2 times (x 105B)
Class [Lcom.google.common.collect.MapMakerInternalMap$Segment;                        : loaded 2 times (x 69B)
Class com.google.common.io.FileWriteMode                                              : loaded 2 times (x 79B)
Class [Lcom.google.common.base.AbstractIterator$State;                                : loaded 2 times (x 69B)
Class com.google.common.base.CharMatcher$IsEither                                     : loaded 2 times (x 111B)
Class org.gradle.internal.classloader.ClassLoaderHierarchy                            : loaded 2 times (x 70B)
Class com.google.common.collect.AbstractMapBasedMultimap$WrappedCollection            : loaded 2 times (x 124B)
Class com.google.common.collect.ImmutableEnumSet                                      : loaded 2 times (x 146B)
Class com.google.common.util.concurrent.ExecutionError                                : loaded 2 times (x 82B)
Class com.google.common.collect.ImmutableList$1                                       : loaded 2 times (x 97B)
Class ijKotlinCoroutineJvmDebugInit1_3doq0wd6mmxkhuk4x2jk37ti$_run_closure1$_closure2 : loaded 2 times (x 139B)
Class org.gradle.api.internal.classpath.ManifestUtil                                  : loaded 2 times (x 71B)
Class com.google.common.io.ByteArrayDataOutput                                        : loaded 2 times (x 70B)
Class com.google.common.collect.RegularImmutableMap                                   : loaded 2 times (x 121B)
Class com.google.common.collect.ImmutableMap$MapViewOfValuesAsSingletonSets           : loaded 2 times (x 126B)
Class com.google.common.reflect.TypeCapture                                           : loaded 2 times (x 71B)
Class com.google.common.collect.TransformedListIterator                               : loaded 2 times (x 93B)
Class [Lorg.objectweb.asm.Symbol;                                                     : loaded 2 times (x 69B)
Class org.objectweb.asm.ClassVisitor                                                  : loaded 2 times (x 88B)
Class com.google.common.collect.UnmodifiableListIterator                              : loaded 2 times (x 95B)
Class com.google.common.collect.MapMakerInternalMap$StrongKeyDummyValueEntry$LinkedStrongKeyDummyValueEntry: loaded 2 times (x 82B)
Class com.google.common.collect.MapMakerInternalMap$Strength                          : loaded 2 times (x 80B)
Class com.google.common.base.Platform$JdkPatternCompiler                              : loaded 2 times (x 75B)
Class org.objectweb.asm.MethodTooLargeException                                       : loaded 2 times (x 83B)
Class [Lcom.google.common.cache.CacheBuilder$OneWeigher;                              : loaded 2 times (x 69B)
Class com.google.common.base.Suppliers                                                : loaded 2 times (x 71B)
Class org.gradle.internal.classloader.DefaultClassLoaderFactory                       : loaded 2 times (x 82B)
Class org.apache.commons.io.file.PathUtils                                            : loaded 2 times (x 71B)
Class [Lcom.google.common.collect.AbstractIterator$State;                             : loaded 2 times (x 69B)
Class com.google.common.io.ByteSource$ConcatenatedByteSource                          : loaded 2 times (x 85B)
Class com.google.common.base.CharMatcher$None                                         : loaded 2 times (x 112B)
Class org.gradle.internal.classloader.ClassLoaderVisitor                              : loaded 2 times (x 76B)
Class [Lcom.google.common.collect.ImmutableMapEntry;                                  : loaded 2 times (x 69B)
Class org.gradle.api.internal.classpath.EffectiveClassPath                            : loaded 2 times (x 90B)
Class [Lorg.apache.commons.io.StandardLineSeparator;                                  : loaded 2 times (x 69B)
Class org.apache.commons.io.output.StringBuilderWriter                                : loaded 2 times (x 100B)
Class com.google.common.collect.CollectSpliterators$1WithCharacteristics              : loaded 2 times (x 90B)
Class com.google.common.collect.ImmutableRangeSet                                     : loaded 2 times (x 115B)
Class com.google.common.collect.ListMultimap                                          : loaded 2 times (x 70B)
Class com.google.common.collect.ImmutableEnumMap                                      : loaded 2 times (x 126B)
Class com.google.common.collect.Iterators$EmptyModifiableIterator                     : loaded 2 times (x 86B)
Class com.google.common.base.Splitter                                                 : loaded 2 times (x 72B)
Class com.google.common.collect.Sets$1                                                : loaded 2 times (x 139B)
Class org.objectweb.asm.AnnotationVisitor                                             : loaded 2 times (x 78B)
Class org.gradle.api.internal.DefaultClassPathProvider                                : loaded 2 times (x 76B)
Class com.google.common.collect.MapMakerInternalMap$Strength$1                        : loaded 2 times (x 80B)
Class com.google.common.collect.Maps$ViewCachingAbstractMap                           : loaded 2 times (x 125B)
Class com.google.common.collect.Sets$2                                                : loaded 2 times (x 139B)
Class [Lorg.gradle.api.internal.ClassPathProvider;                                    : loaded 2 times (x 69B)
Class org.gradle.api.internal.ClassPathProvider                                       : loaded 2 times (x 70B)
Class com.google.common.reflect.Types$ClassOwnership$1                                : loaded 2 times (x 80B)
Class com.google.common.collect.MapMakerInternalMap$Strength$2                        : loaded 2 times (x 80B)
Class com.google.common.base.AbstractIterator$State                                   : loaded 2 times (x 79B)
Class com.google.common.collect.Sets$3                                                : loaded 2 times (x 139B)
Class com.google.common.util.concurrent.AbstractFuture$SafeAtomicHelper               : loaded 2 times (x 79B)
Class com.google.common.cache.LocalCache$LocalLoadingCache                            : loaded 2 times (x 134B)
Class org.gradle.internal.service.UnknownServiceException                             : loaded 2 times (x 83B)
Class com.google.common.reflect.Types$ClassOwnership$2                                : loaded 2 times (x 80B)
Class com.google.common.reflect.TypeResolver                                          : loaded 2 times (x 72B)
Class com.google.common.io.ByteArrayDataInput                                         : loaded 2 times (x 70B)
Class com.google.common.collect.MapMakerInternalMap$StrongValueEntry                  : loaded 2 times (x 70B)
Class com.google.common.collect.Sets$4                                                : loaded 2 times (x 139B)
Class org.objectweb.asm.ModuleVisitor                                                 : loaded 2 times (x 81B)
Class com.google.common.cache.LocalCache$Strength$1                                   : loaded 2 times (x 81B)
Class org.apache.commons.io.output.QueueOutputStream                                  : loaded 2 times (x 87B)
Class com.google.common.reflect.Types$ClassOwnership$3                                : loaded 2 times (x 71B)
Class com.google.common.util.concurrent.SettableFuture                                : loaded 2 times (x 114B)
Class com.google.common.cache.LocalCache$Strength$2                                   : loaded 2 times (x 81B)
Class com.google.common.io.ByteStreams                                                : loaded 2 times (x 71B)
Class com.google.common.collect.Interners$InternerImpl                                : loaded 2 times (x 75B)
Class com.google.common.collect.Interner                                              : loaded 2 times (x 70B)
Class com.google.common.collect.TransformedIterator                                   : loaded 2 times (x 80B)
Class com.google.common.base.Splitter$1                                               : loaded 2 times (x 77B)
Class com.google.common.cache.LocalCache$Strength$3                                   : loaded 2 times (x 81B)
Class com.google.common.collect.MapDifference                                         : loaded 2 times (x 70B)
Class com.google.common.reflect.Invokable                                             : loaded 2 times (x 103B)
Class com.google.common.collect.MapMaker$Dummy                                        : loaded 2 times (x 79B)
Class org.objectweb.asm.FieldWriter                                                   : loaded 2 times (x 78B)
Class com.google.common.cache.CacheBuilder$NullListener                               : loaded 2 times (x 82B)
Class org.gradle.internal.classpath.TransformedClassPath                              : loaded 2 times (x 96B)
Class org.gradle.internal.classloader.InstrumentingClassLoader                        : loaded 2 times (x 70B)
Class org.apache.commons.io.output.UnsynchronizedByteArrayOutputStream                : loaded 2 times (x 102B)
Class com.google.common.reflect.Types$ParameterizedTypeImpl                           : loaded 2 times (x 81B)
Class com.google.common.collect.ImmutableListMultimap                                 : loaded 2 times (x 176B)
Class com.google.common.collect.ImmutableRangeSet$AsSet                               : loaded 2 times (x 300B)
Class com.google.common.cache.CacheLoader$FunctionToCacheLoader                       : loaded 2 times (x 75B)
Class com.google.common.collect.Iterators$ArrayItr                                    : loaded 2 times (x 97B)
Class com.google.common.collect.ImmutableCollection$Builder                           : loaded 2 times (x 76B)
Class org.apache.commons.io.output.ByteArrayOutputStream                              : loaded 2 times (x 102B)
Class com.google.common.reflect.TypeResolver$TypeVariableKey                          : loaded 2 times (x 72B)
Class com.google.common.collect.EmptyImmutableListMultimap                            : loaded 2 times (x 176B)
Class com.google.common.collect.BaseImmutableMultimap                                 : loaded 2 times (x 123B)
Class com.google.common.base.Joiner                                                   : loaded 2 times (x 79B)
Class com.google.common.base.MoreObjects                                              : loaded 2 times (x 71B)
Class com.google.common.collect.Platform                                              : loaded 2 times (x 71B)
Class [Lorg.objectweb.asm.Type;                                                       : loaded 2 times (x 69B)
Class com.google.common.collect.UnmodifiableIterator                                  : loaded 2 times (x 80B)
Class org.gradle.internal.service.ServiceLocator                                      : loaded 2 times (x 70B)
Class org.apache.commons.io.FileExistsException                                       : loaded 2 times (x 82B)
Class com.google.common.base.Ascii                                                    : loaded 2 times (x 71B)
Class com.google.common.collect.SingletonImmutableBiMap                               : loaded 2 times (x 143B)
Class com.google.common.cache.LocalCache$1                                            : loaded 2 times (x 89B)
Class com.google.common.collect.AbstractMapEntry                                      : loaded 2 times (x 81B)
Class com.google.common.reflect.TypeToken$SimpleTypeToken                             : loaded 2 times (x 73B)
Class com.google.common.io.ByteSource$ByteArrayByteSource                             : loaded 2 times (x 85B)
Class com.google.common.collect.MapMakerInternalMap$AbstractStrongKeyEntry            : loaded 2 times (x 80B)
Class com.google.common.collect.Sets$ImprovedAbstractSet                              : loaded 2 times (x 135B)
Class com.google.common.collect.ImmutableList$Builder                                 : loaded 2 times (x 77B)
Class com.google.common.collect.AbstractMultimap                                      : loaded 2 times (x 123B)
Class com.google.common.cache.LocalCache$2                                            : loaded 2 times (x 142B)
Class com.google.common.collect.ImmutableRangeSet$1                                   : loaded 2 times (x 210B)
Class com.google.common.util.concurrent.AbstractFuture$UnsafeAtomicHelper$1           : loaded 2 times (x 76B)
Class com.google.common.collect.RegularImmutableAsList                                : loaded 2 times (x 217B)
Class com.google.common.base.Optional                                                 : loaded 2 times (x 80B)
Class com.google.common.collect.Range                                                 : loaded 2 times (x 87B)
Class com.google.common.util.concurrent.AbstractFuture$Trusted                        : loaded 2 times (x 70B)
Class com.google.common.collect.Iterators                                             : loaded 2 times (x 71B)
Class com.google.common.io.ByteSink$AsCharSink                                        : loaded 2 times (x 80B)
Class com.google.common.collect.Lists$StringAsImmutableList                           : loaded 2 times (x 207B)
Class com.google.common.util.concurrent.UncheckedExecutionException                   : loaded 2 times (x 82B)
Class org.gradle.kotlin.dsl.VersionCatalogAccessorsKt                                 : loaded 2 times (x 71B)
Class org.gradle.internal.InternalTransformer                                         : loaded 2 times (x 70B)
Class com.google.common.collect.AbstractMapBasedMultimap$KeySet$1                     : loaded 2 times (x 82B)
Class org.objectweb.asm.ClassWriter                                                   : loaded 2 times (x 106B)
Class com.google.common.cache.CacheLoader$UnsupportedLoadingOperationException        : loaded 2 times (x 82B)
Class com.google.common.base.CharMatcher$And                                          : loaded 2 times (x 112B)
Class org.gradle.internal.classloader.ClasspathUtil$1                                 : loaded 2 times (x 76B)
Class com.google.common.collect.FluentIterable$1                                      : loaded 2 times (x 81B)
Class com.google.common.base.Objects                                                  : loaded 2 times (x 71B)
Class org.objectweb.asm.FieldVisitor                                                  : loaded 2 times (x 77B)
Class com.google.common.collect.IndexedImmutableSet                                   : loaded 2 times (x 152B)
Class com.google.common.collect.ImmutableMap$1                                        : loaded 2 times (x 81B)
Class com.google.common.collect.BiMap                                                 : loaded 2 times (x 70B)
Class org.gradle.api.internal.classpath.DefaultModuleRegistry$DefaultModule           : loaded 2 times (x 86B)
Class com.google.common.reflect.Reflection                                            : loaded 2 times (x 71B)
Class com.google.common.base.Equivalence$Identity                                     : loaded 2 times (x 82B)
Class com.google.common.base.Absent                                                   : loaded 2 times (x 80B)
Class com.google.common.primitives.Ints                                               : loaded 2 times (x 71B)
Class com.google.common.collect.AbstractIterator                                      : loaded 2 times (x 82B)
Class com.google.common.collect.FluentIterable$3                                      : loaded 2 times (x 81B)
Class com.google.common.collect.ObjectArrays                                          : loaded 2 times (x 71B)
Class com.google.common.collect.Multiset                                              : loaded 2 times (x 70B)
Class com.google.common.collect.ArrayListMultimapGwtSerializationDependencies         : loaded 2 times (x 172B)
Class com.google.common.collect.AbstractIndexedListIterator                           : loaded 2 times (x 96B)
Class com.google.common.math.MathPreconditions                                        : loaded 2 times (x 71B)
Class org.apache.commons.io.output.NullOutputStream                                   : loaded 2 times (x 85B)
Class com.google.common.collect.ImmutableMapEntrySet                                  : loaded 2 times (x 152B)
Class org.gradle.api.internal.classpath.Module                                        : loaded 2 times (x 70B)
Class com.google.common.cache.Weigher                                                 : loaded 2 times (x 70B)
Class org.gradle.api.internal.classpath.UnknownModuleException                        : loaded 2 times (x 82B)
Class com.google.common.base.Stopwatch                                                : loaded 2 times (x 72B)
Class com.google.common.cache.LocalCache$Strength                                     : loaded 2 times (x 81B)
Class com.google.common.cache.Cache                                                   : loaded 2 times (x 70B)
Class ijJvmDebugger1_2l7309hp9h2qcckjol5ilcusy$_run_closure1$_closure2                : loaded 2 times (x 140B)
Class org.apache.commons.io.filefilter.IOFileFilter                                   : loaded 2 times (x 70B)
Class com.google.common.io.AppendableWriter                                           : loaded 2 times (x 100B)
Class com.google.common.io.Files$2                                                    : loaded 2 times (x 76B)
Class com.google.common.base.NullnessCasts                                            : loaded 2 times (x 71B)
Class com.google.common.util.concurrent.AbstractFuture$Cancellation                   : loaded 2 times (x 72B)
Class com.google.common.collect.ImmutableMap$Builder                                  : loaded 2 times (x 82B)
Class com.google.common.base.Present                                                  : loaded 2 times (x 81B)
Class com.google.common.collect.AbstractMapBasedMultimap$WrappedCollection$WrappedIterator: loaded 2 times (x 84B)
Class com.google.common.cache.RemovalListener                                         : loaded 2 times (x 70B)
Class ijJvmDebugger1_2l7309hp9h2qcckjol5ilcusy$_run_closure1                          : loaded 2 times (x 139B)
Class org.gradle.api.internal.DefaultClassPathRegistry                                : loaded 2 times (x 76B)
Class org.apache.commons.io.file.DeleteOption                                         : loaded 2 times (x 70B)
Class com.google.common.reflect.Invokable$ConstructorInvokable                        : loaded 2 times (x 107B)
Class com.google.common.collect.ImmutableMultimap$Keys                                : loaded 2 times (x 166B)
Class com.google.common.primitives.IntsMethodsForWeb                                  : loaded 2 times (x 71B)
Class com.google.common.collect.Multimap                                              : loaded 2 times (x 70B)
Class org.gradle.api.internal.ClassPathRegistry                                       : loaded 2 times (x 70B)
Class org.gradle.internal.classpath.DefaultClassPath$ImmutableUniqueList              : loaded 2 times (x 199B)
Class org.apache.commons.io.IOUtils                                                   : loaded 2 times (x 71B)
Class com.google.common.reflect.TypeToken                                             : loaded 2 times (x 73B)
Class com.google.common.collect.MapMakerInternalMap$Segment                           : loaded 2 times (x 142B)
Class com.google.common.base.ExtraObjectsMethodsForWeb                                : loaded 2 times (x 71B)
Class com.google.common.base.PairwiseEquivalence                                      : loaded 2 times (x 83B)
Class com.google.common.io.ByteSink                                                   : loaded 2 times (x 76B)
Class com.google.common.cache.CacheBuilder                                            : loaded 2 times (x 72B)
Class com.google.common.collect.SingletonImmutableList                                : loaded 2 times (x 207B)
Class Settings_gradle$1                                                               : loaded 2 times (x 74B)
Class org.gradle.internal.classpath.ClassPath                                         : loaded 2 times (x 70B)
Class org.gradle.api.UncheckedIOException                                             : loaded 2 times (x 82B)
Class [Lcom.google.common.reflect.Types$JavaVersion;                                  : loaded 2 times (x 69B)
Class com.google.common.collect.Interners$InternerBuilder                             : loaded 2 times (x 76B)
Class com.google.common.io.Files$FileByteSource                                       : loaded 2 times (x 85B)
Class com.google.common.base.JdkPattern                                               : loaded 2 times (x 75B)
Class com.google.common.collect.ImmutableList$ReverseImmutableList                    : loaded 2 times (x 209B)
Class com.google.common.io.CharStreams$NullWriter                                     : loaded 2 times (x 99B)
Class org.objectweb.asm.SymbolTable$Entry                                             : loaded 2 times (x 74B)
Class com.google.common.util.concurrent.AbstractFuture$AtomicHelper                   : loaded 2 times (x 78B)
Class org.objectweb.asm.Edge                                                          : loaded 2 times (x 72B)
Class com.google.common.base.Suppliers$SupplierOfInstance                             : loaded 2 times (x 79B)
Class com.google.common.collect.Iterators$1                                           : loaded 2 times (x 81B)
Class com.google.common.reflect.TypeToken$1                                           : loaded 2 times (x 110B)
Class com.google.common.cache.LocalCache$ComputingValueReference                      : loaded 2 times (x 96B)
Class com.google.common.collect.SingletonImmutableSet                                 : loaded 2 times (x 146B)
Class com.google.common.collect.ImmutableMap$IteratorBasedImmutableMap                : loaded 2 times (x 126B)
Class com.google.common.reflect.TypeToken$2                                           : loaded 2 times (x 110B)
Class com.google.common.cache.LocalCache$Segment                                      : loaded 2 times (x 154B)
Class com.google.common.collect.SortedIterable                                        : loaded 2 times (x 70B)
Class com.google.common.collect.AbstractListMultimap                                  : loaded 2 times (x 172B)
Class [Lorg.objectweb.asm.SymbolTable$Entry;                                          : loaded 2 times (x 69B)
Class com.google.common.cache.CacheLoader                                             : loaded 2 times (x 74B)
Class com.google.common.collect.Iterators$4                                           : loaded 2 times (x 82B)
Class com.google.common.collect.ImmutableBiMap                                        : loaded 2 times (x 143B)
Class org.gradle.internal.installation.GradleInstallation$1                           : loaded 2 times (x 75B)
Class org.gradle.api.internal.classpath.ModuleRegistry                                : loaded 2 times (x 70B)
Class org.apache.commons.io.output.NullWriter                                         : loaded 2 times (x 99B)
Class com.google.common.base.Splitter$SplittingIterator                               : loaded 2 times (x 84B)
Class com.google.common.util.concurrent.internal.InternalFutureFailureAccess          : loaded 2 times (x 72B)
Class com.google.common.collect.Iterators$5                                           : loaded 2 times (x 82B)
Class com.google.common.collect.ImmutableSet$JdkBackedSetBuilderImpl                  : loaded 2 times (x 76B)
Class com.google.common.collect.ImmutableMultimap$Values                              : loaded 2 times (x 126B)
Class com.google.common.util.concurrent.AbstractFuture$UnsafeAtomicHelper             : loaded 2 times (x 78B)
Class com.google.common.cache.LocalCache$LocalManualCache$1                           : loaded 2 times (x 75B)
Class com.google.common.base.CharMatcher$ForPredicate                                 : loaded 2 times (x 112B)
Class com.google.common.base.CharMatcher$AnyOf                                        : loaded 2 times (x 112B)
Class com.google.common.collect.ImmutableCollection                                   : loaded 2 times (x 125B)
Class org.gradle.api.internal.classpath.DefaultModuleRegistry                         : loaded 2 times (x 86B)
Class com.google.common.collect.Lists                                                 : loaded 2 times (x 71B)
Class com.google.common.util.concurrent.ListenableFuture                              : loaded 2 times (x 70B)
Class com.google.common.cache.ReferenceEntry                                          : loaded 2 times (x 70B)
Class com.google.common.base.Converter                                                : loaded 2 times (x 90B)
Class com.google.common.collect.ImmutableSet$CachingAsList                            : loaded 2 times (x 148B)
Class com.google.common.collect.AbstractMapBasedMultimap                              : loaded 2 times (x 139B)
Class com.google.common.util.concurrent.AbstractFuture                                : loaded 2 times (x 106B)
Class com.google.common.base.FunctionalEquivalence                                    : loaded 2 times (x 83B)
Class com.google.common.collect.Iterators$9                                           : loaded 2 times (x 81B)
Class com.google.common.collect.ImmutableAsList                                       : loaded 2 times (x 209B)
Class ijKotlinCoroutineJvmDebugInit1_3doq0wd6mmxkhuk4x2jk37ti                         : loaded 2 times (x 179B)
Class com.google.common.reflect.TypeResolver$TypeTable                                : loaded 2 times (x 73B)
Class com.google.common.io.CharStreams                                                : loaded 2 times (x 71B)
Class com.google.common.collect.ImmutableMultiset                                     : loaded 2 times (x 163B)
Class org.objectweb.asm.RecordComponentVisitor                                        : loaded 2 times (x 77B)
Class com.google.common.cache.CacheLoader$SupplierToCacheLoader                       : loaded 2 times (x 75B)
Class com.google.common.reflect.TypeResolver$TypeTable$1                              : loaded 2 times (x 73B)
Class com.google.common.collect.Maps$EntryTransformer                                 : loaded 2 times (x 70B)
Class org.gradle.internal.service.ServiceLookupException                              : loaded 2 times (x 82B)
Class com.google.common.base.CharMatcher$JavaLetter                                   : loaded 2 times (x 111B)
Class com.google.common.collect.ImmutableSortedSet                                    : loaded 2 times (x 300B)
Class [Lcom.google.common.cache.LocalCache$EntryFactory;                              : loaded 2 times (x 69B)
Class org.gradle.internal.classloader.ClassLoaderFactory                              : loaded 2 times (x 70B)
Class org.apache.commons.io.CloseableURLConnection                                    : loaded 2 times (x 116B)
Class com.google.common.collect.ImmutableMap$SerializedForm                           : loaded 2 times (x 73B)
Class com.google.common.base.CommonPattern                                            : loaded 2 times (x 74B)
Class com.google.common.cache.LocalCache$LocalManualCache                             : loaded 2 times (x 99B)
Class com.google.common.base.CharMatcher$IsNot                                        : loaded 2 times (x 111B)
Class org.gradle.internal.service.CachingServiceLocator                               : loaded 2 times (x 82B)
Class com.google.common.collect.RegularImmutableSortedSet                             : loaded 2 times (x 300B)
Class com.google.common.collect.AbstractMapBasedMultimap$KeySet                       : loaded 2 times (x 137B)
Class com.google.common.math.IntMath                                                  : loaded 2 times (x 71B)
Class com.google.common.reflect.Types$TypeVariableInvocationHandler                   : loaded 2 times (x 75B)
Class com.google.common.collect.MapMakerInternalMap$InternalEntry                     : loaded 2 times (x 70B)
Class com.google.common.collect.ImmutableMapEntry                                     : loaded 2 times (x 85B)
Class com.google.common.collect.ImmutableMultimap                                     : loaded 2 times (x 147B)
Class com.google.common.base.Equivalence                                              : loaded 2 times (x 82B)
Class com.google.common.base.Function                                                 : loaded 2 times (x 70B)
Class com.google.common.collect.ImmutableMapEntry$NonTerminalImmutableMapEntry        : loaded 2 times (x 85B)
Class org.apache.commons.io.output.AbstractByteArrayOutputStream                      : loaded 2 times (x 102B)
Class com.google.common.collect.IndexedImmutableSet$1                                 : loaded 2 times (x 213B)
Class com.google.common.cache.CacheBuilder$OneWeigher                                 : loaded 2 times (x 82B)
Class com.google.common.collect.RegularImmutableList                                  : loaded 2 times (x 213B)
Class com.google.common.reflect.Types$ClassOwnership$1LocalClass                      : loaded 2 times (x 71B)
Class org.gradle.internal.classloader.ClasspathUtil                                   : loaded 2 times (x 71B)
Class com.google.common.base.Charsets                                                 : loaded 2 times (x 71B)
Class com.google.common.util.concurrent.Uninterruptibles                              : loaded 2 times (x 71B)
Class com.google.common.io.CharSource                                                 : loaded 2 times (x 85B)
Class com.google.common.collect.Maps                                                  : loaded 2 times (x 71B)
Class org.gradle.api.specs.Spec                                                       : loaded 2 times (x 70B)
Class org.apache.commons.io.file.PathFilter                                           : loaded 2 times (x 70B)
Class com.google.common.reflect.Types$JavaVersion                                     : loaded 2 times (x 83B)
Class com.google.common.collect.MapMaker                                              : loaded 2 times (x 72B)
Class [Lcom.google.common.collect.ImmutableEntry;                                     : loaded 2 times (x 69B)
Class com.google.common.cache.LocalCache$LoadingValueReference                        : loaded 2 times (x 96B)
Class com.google.common.collect.FluentIterable$2                                      : loaded 2 times (x 81B)
Class com.google.common.reflect.Invokable$MethodInvokable                             : loaded 2 times (x 107B)
Class com.google.common.io.LineReader$1                                               : loaded 2 times (x 75B)
Class com.google.common.collect.CollectSpliterators                                   : loaded 2 times (x 71B)
Class com.google.common.collect.AbstractMapBasedMultimap$AsMap                        : loaded 2 times (x 128B)
Class com.google.common.collect.MapMakerInternalMap$StrongKeyDummyValueEntry          : loaded 2 times (x 82B)
Class com.google.common.base.Platform                                                 : loaded 2 times (x 71B)
Class com.google.common.collect.AbstractMapBasedMultimap$WrappedList                  : loaded 2 times (x 205B)
Class com.google.common.collect.Maps$8                                                : loaded 2 times (x 82B)
Class [Lcom.google.common.collect.Iterators$EmptyModifiableIterator;                  : loaded 2 times (x 69B)
Class com.google.common.collect.ImmutableRangeSet$Builder                             : loaded 2 times (x 77B)
Class com.google.common.collect.Sets$SetView                                          : loaded 2 times (x 138B)
Class com.google.common.cache.LocalCache$StrongValueReference                         : loaded 2 times (x 90B)
Class com.google.common.util.concurrent.AbstractFuture$SynchronizedHelper             : loaded 2 times (x 78B)
Class com.google.common.graph.SuccessorsFunction                                      : loaded 2 times (x 70B)
Class org.objectweb.asm.Type                                                          : loaded 2 times (x 72B)
Class org.gradle.internal.classloader.VisitableURLClassLoader$InstrumentingVisitableURLClassLoader: loaded 2 times (x 123B)
Class org.apache.commons.io.FileUtils                                                 : loaded 2 times (x 71B)
Class com.google.common.collect.MapMakerInternalMap$StrongKeyDummyValueEntry$Helper   : loaded 2 times (x 79B)
Class com.google.common.io.Files$FileByteSink                                         : loaded 2 times (x 77B)
Class org.objectweb.asm.ByteVector                                                    : loaded 2 times (x 79B)
Class [Lcom.google.common.cache.CacheBuilder$NullListener;                            : loaded 2 times (x 69B)
Class com.google.common.math.IntMath$1                                                : loaded 2 times (x 71B)
Class org.gradle.internal.classloader.VisitableURLClassLoader$Spec                    : loaded 2 times (x 74B)
Class org.gradle.internal.classpath.DefaultClassPath                                  : loaded 2 times (x 90B)
Class com.google.common.reflect.Types$ClassOwnership                                  : loaded 2 times (x 80B)
Class com.google.common.base.AbstractIterator                                         : loaded 2 times (x 80B)
Class org.objectweb.asm.Symbol                                                        : loaded 2 times (x 73B)
Class com.google.common.io.Java8Compatibility                                         : loaded 2 times (x 71B)
Class com.google.common.io.Closer                                                     : loaded 2 times (x 78B)
Class com.google.common.base.CharMatcher$Ascii                                        : loaded 2 times (x 112B)
Class com.google.common.base.CharMatcher$BitSetMatcher                                : loaded 2 times (x 112B)
Class com.google.common.collect.RegularImmutableMap$Values                            : loaded 2 times (x 207B)
Class com.google.common.collect.ImmutableSet                                          : loaded 2 times (x 145B)
Class org.gradle.internal.classloader.ClassLoaderSpec                                 : loaded 2 times (x 71B)
Class com.google.common.io.ByteSource$EmptyByteSource                                 : loaded 2 times (x 85B)
Class org.objectweb.asm.AnnotationWriter                                              : loaded 2 times (x 79B)
Class com.google.common.cache.CacheStats                                              : loaded 2 times (x 71B)
Class com.google.common.collect.ImmutableMultisetGwtSerializationDependencies         : loaded 2 times (x 125B)
Class com.google.common.collect.Interners                                             : loaded 2 times (x 71B)
Class com.google.common.io.Closer$Suppressor                                          : loaded 2 times (x 70B)
Class com.google.common.io.LineProcessor                                              : loaded 2 times (x 70B)
Class org.objectweb.asm.RecordComponentWriter                                         : loaded 2 times (x 78B)
Class com.google.common.util.concurrent.AbstractFuture$Listener                       : loaded 2 times (x 72B)
Class com.google.common.base.CharMatcher$Or                                           : loaded 2 times (x 112B)
Class Settings_gradle$1$1                                                             : loaded 2 times (x 74B)
Class org.objectweb.asm.Attribute                                                     : loaded 2 times (x 77B)
Class com.google.common.base.Supplier                                                 : loaded 2 times (x 70B)
Class org.gradle.internal.classloader.VisitableURLClassLoader                         : loaded 2 times (x 117B)
Class com.google.common.collect.ImmutableList$SerializedForm                          : loaded 2 times (x 73B)
Class com.google.common.util.concurrent.AbstractFuture$Waiter                         : loaded 2 times (x 72B)
Class Settings_gradle                                                                 : loaded 2 times (x 128B)
Class org.gradle.internal.Cast                                                        : loaded 2 times (x 71B)
Class org.gradle.api.Action                                                           : loaded 2 times (x 70B)
Class com.google.common.collect.MapMakerInternalMap                                   : loaded 2 times (x 161B)
Class com.google.common.base.Strings                                                  : loaded 2 times (x 71B)
Class com.google.common.collect.Sets                                                  : loaded 2 times (x 71B)
Class org.objectweb.asm.Handler                                                       : loaded 2 times (x 72B)
Class com.google.common.base.Ticker                                                   : loaded 2 times (x 72B)
Class com.google.common.base.CharMatcher$FastMatcher                                  : loaded 2 times (x 111B)
Class [Lcom.google.common.cache.LocalCache$Segment;                                   : loaded 2 times (x 69B)
Class [Lcom.google.common.cache.LocalCache$Strength;                                  : loaded 2 times (x 69B)
Class com.google.common.cache.CacheBuilder$1                                          : loaded 2 times (x 85B)
Class com.google.common.base.Predicate                                                : loaded 2 times (x 70B)
Class com.google.common.collect.ImmutableMap                                          : loaded 2 times (x 120B)
Class org.gradle.internal.classpath.DefaultClassPath$ImmutableUniqueList$Builder      : loaded 2 times (x 75B)
Class com.google.common.collect.MapMakerInternalMap$WeakValueReference                : loaded 2 times (x 70B)
Class com.google.common.collect.AbstractRangeSet                                      : loaded 2 times (x 114B)
Class com.google.common.cache.LocalCache                                              : loaded 2 times (x 187B)
Class com.google.common.cache.CacheBuilder$2                                          : loaded 2 times (x 79B)
Class com.google.common.base.CharMatcher$NegatedFastMatcher                           : loaded 2 times (x 113B)
Class com.google.common.collect.ArrayListMultimap                                     : loaded 2 times (x 172B)
Class com.google.common.cache.CacheBuilder$3                                          : loaded 2 times (x 72B)
Class [Lcom.google.common.collect.AbstractMapEntry;                                   : loaded 2 times (x 69B)
Class com.google.common.collect.ImmutableEntry                                        : loaded 2 times (x 82B)
Class org.gradle.api.GradleException                                                  : loaded 2 times (x 82B)
Class org.apache.commons.io.StandardLineSeparator                                     : loaded 2 times (x 79B)
Class com.google.common.base.Suppliers$MemoizingSupplier                              : loaded 2 times (x 79B)
Class com.google.common.collect.CollectPreconditions                                  : loaded 2 times (x 71B)
Class [Lcom.google.common.collect.MapMakerInternalMap$Strength;                       : loaded 2 times (x 69B)
Class [Lcom.google.common.io.FileWriteMode;                                           : loaded 2 times (x 69B)
Class com.google.common.collect.SortedMapDifference                                   : loaded 2 times (x 70B)
Class com.google.common.collect.Iterables$4                                           : loaded 2 times (x 81B)
Class com.google.common.collect.MapMakerInternalMap$StrongKeyDummyValueSegment        : loaded 2 times (x 142B)
Class com.google.common.io.Files                                                      : loaded 2 times (x 71B)
Class com.google.common.cache.LocalCache$EntryFactory                                 : loaded 2 times (x 83B)
Class com.google.common.reflect.Types$NativeTypeVariableEquals                        : loaded 2 times (x 71B)
Class com.google.common.reflect.TypeParameter                                         : loaded 2 times (x 72B)
Class [Lcom.google.common.collect.MapMaker$Dummy;                                     : loaded 2 times (x 69B)
Class com.google.common.base.CharMatcher$Whitespace                                   : loaded 2 times (x 112B)
Class com.google.common.base.Splitter$1$1                                             : loaded 2 times (x 86B)
Class com.google.common.cache.LocalCache$AbstractReferenceEntry                       : loaded 2 times (x 107B)
Class org.gradle.internal.IoActions                                                   : loaded 2 times (x 71B)
Class com.google.common.collect.ImmutableMapKeySet                                    : loaded 2 times (x 152B)
Class com.google.common.collect.ImmutableRangeSet$ComplementRanges                    : loaded 2 times (x 207B)
Class org.objectweb.asm.SymbolTable                                                   : loaded 2 times (x 72B)
Class com.google.common.cache.CacheLoader$InvalidCacheLoadException                   : loaded 2 times (x 82B)
Class com.google.common.collect.ImmutableSet$RegularSetBuilderImpl                    : loaded 2 times (x 77B)
Class org.gradle.internal.classloader.SystemClassLoaderSpec                           : loaded 2 times (x 71B)
Class com.google.common.collect.FluentIterable                                        : loaded 2 times (x 81B)
Class com.google.common.cache.LocalCache$StrongEntry                                  : loaded 2 times (x 108B)
Class com.google.common.util.concurrent.AbstractFuture$TrustedFuture                  : loaded 2 times (x 114B)
Class com.google.common.cache.LoadingCache                                            : loaded 2 times (x 70B)
Class com.google.common.io.ByteStreams$LimitedInputStream                             : loaded 2 times (x 92B)
Class com.google.common.base.Suppliers$NonSerializableMemoizingSupplier               : loaded 2 times (x 79B)
Class org.objectweb.asm.MethodWriter                                                  : loaded 2 times (x 106B)
Class [Lcom.google.common.cache.Weigher;                                              : loaded 2 times (x 69B)
Class com.google.common.collect.RegularImmutableMap$BucketOverflowException           : loaded 2 times (x 82B)
Class com.google.common.collect.ImmutableMultimap$1                                   : loaded 2 times (x 82B)
Class com.google.common.collect.AbstractMapBasedMultimap$RandomAccessWrappedList      : loaded 2 times (x 205B)
Class com.google.common.reflect.Types$JavaVersion$1                                   : loaded 2 times (x 83B)
Class com.google.common.collect.AbstractIterator$State                                : loaded 2 times (x 79B)
Class com.google.common.collect.ImmutableMultimap$2                                   : loaded 2 times (x 81B)
Class com.google.common.collect.RegularImmutableBiMap                                 : loaded 2 times (x 149B)
Class com.google.common.cache.LocalCache$ValueReference                               : loaded 2 times (x 70B)
Class com.google.common.base.CharMatcher$Negated                                      : loaded 2 times (x 113B)
Class com.google.common.base.CharMatcher$Is                                           : loaded 2 times (x 111B)
Class com.google.common.reflect.Types$JavaVersion$2                                   : loaded 2 times (x 83B)
Class com.google.common.reflect.Types                                                 : loaded 2 times (x 71B)
Class com.google.common.hash.PrimitiveSink                                            : loaded 2 times (x 70B)
Class com.google.common.base.PatternCompiler                                          : loaded 2 times (x 70B)
Class com.google.common.util.concurrent.AbstractFuture$Failure                        : loaded 2 times (x 72B)
Class com.google.common.base.Equivalence$Equals                                       : loaded 2 times (x 82B)
Class com.google.common.collect.Hashing                                               : loaded 2 times (x 71B)
Class com.google.common.base.Preconditions                                            : loaded 2 times (x 71B)
Class [Lorg.apache.commons.io.file.DeleteOption;                                      : loaded 2 times (x 69B)
Class com.google.common.reflect.Types$JavaVersion$3                                   : loaded 2 times (x 83B)
Class com.google.common.collect.ImmutableSetMultimap                                  : loaded 2 times (x 180B)
Class com.google.common.io.CharSink                                                   : loaded 2 times (x 79B)
Class com.google.common.base.Joiner$1                                                 : loaded 2 times (x 80B)
Class org.objectweb.asm.Label                                                         : loaded 2 times (x 73B)
Class org.objectweb.asm.CurrentFrame                                                  : loaded 2 times (x 73B)
Class org.objectweb.asm.ClassTooLargeException                                        : loaded 2 times (x 83B)
Class com.google.common.base.CharMatcher                                              : loaded 2 times (x 111B)
Class com.google.common.collect.PeekingIterator                                       : loaded 2 times (x 70B)
Class com.google.common.reflect.Types$JavaVersion$4                                   : loaded 2 times (x 83B)
Class com.google.common.io.ByteSource$AsCharSource                                    : loaded 2 times (x 86B)
Class com.google.common.collect.MapMakerInternalMap$InternalEntryHelper               : loaded 2 times (x 70B)
Class com.google.common.collect.Maps$IteratorBasedAbstractMap                         : loaded 2 times (x 125B)
Class com.google.common.collect.RangeGwtSerializationDependencies                     : loaded 2 times (x 71B)
Class com.google.common.collect.Table                                                 : loaded 2 times (x 70B)
Class com.google.common.base.Joiner$2                                                 : loaded 2 times (x 79B)
Class org.objectweb.asm.Frame                                                         : loaded 2 times (x 73B)
Class org.objectweb.asm.MethodVisitor                                                 : loaded 2 times (x 105B)
Class com.google.common.cache.LocalCache$EntryFactory$1                               : loaded 2 times (x 83B)
Class [Lcom.google.common.cache.RemovalListener;                                      : loaded 2 times (x 69B)
Class com.google.common.base.CharMatcher$NamedFastMatcher                             : loaded 2 times (x 112B)
Class com.google.common.base.CharMatcher$1                                            : loaded 2 times (x 113B)
Class com.google.common.reflect.Types$JavaVersion$5                                   : loaded 2 times (x 71B)
Class [Lcom.google.common.reflect.Types$ClassOwnership;                               : loaded 2 times (x 69B)
Class com.google.common.collect.RangeSet                                              : loaded 2 times (x 70B)
Class com.google.common.cache.LocalCache$EntryFactory$2                               : loaded 2 times (x 83B)
Class org.gradle.api.internal.classpath.GlobalCacheRootsProvider                      : loaded 2 times (x 70B)
Class com.google.common.collect.CollectCollectors                                     : loaded 2 times (x 71B)
Class org.objectweb.asm.ModuleWriter                                                  : loaded 2 times (x 82B)
Class com.google.common.cache.LocalCache$EntryFactory$3                               : loaded 2 times (x 83B)
Class com.google.common.base.Ticker$1                                                 : loaded 2 times (x 72B)
Class com.google.common.collect.Maps$BiMapConverter                                   : loaded 2 times (x 90B)
Class com.google.common.collect.ImmutableMapEntrySet$RegularEntrySet                  : loaded 2 times (x 152B)
Class com.google.common.collect.SetMultimap                                           : loaded 2 times (x 70B)
Class com.google.common.cache.LocalCache$EntryFactory$4                               : loaded 2 times (x 83B)
Class com.google.common.base.CharMatcher$InRange                                      : loaded 2 times (x 111B)
Class com.google.common.collect.ImmutableSet$Builder                                  : loaded 2 times (x 85B)
Class com.google.common.io.ByteStreams$1                                              : loaded 2 times (x 85B)
Class com.google.common.cache.LocalCache$EntryFactory$5                               : loaded 2 times (x 83B)
Class com.google.common.io.LineReader                                                 : loaded 2 times (x 72B)
Class org.apache.commons.io.output.AppendableWriter                                   : loaded 2 times (x 100B)
Class com.google.common.cache.LocalCache$EntryFactory$6                               : loaded 2 times (x 83B)
Class org.gradle.internal.installation.CurrentGradleInstallationLocator               : loaded 2 times (x 71B)
Class org.apache.commons.io.output.ThresholdingOutputStream                           : loaded 2 times (x 95B)
Class com.google.common.io.ByteSource$SlicedByteSource                                : loaded 2 times (x 85B)
Class com.google.common.collect.ImmutableMultimap$Builder                             : loaded 2 times (x 86B)
Class com.google.common.collect.Maps$KeySet                                           : loaded 2 times (x 137B)
Class com.google.common.cache.LocalCache$EntryFactory$7                               : loaded 2 times (x 83B)
Class com.google.common.collect.ImmutableSet$EmptySetBuilderImpl                      : loaded 2 times (x 76B)
Class com.google.common.collect.ImmutableList                                         : loaded 2 times (x 206B)
Class org.gradle.internal.service.DefaultServiceLocator                               : loaded 2 times (x 83B)
Class com.google.common.collect.ImmutableMultimap$EntryCollection                     : loaded 2 times (x 128B)
Class com.google.common.collect.Maps$EntrySet                                         : loaded 2 times (x 136B)
Class com.google.common.cache.LocalCache$EntryFactory$8                               : loaded 2 times (x 83B)
Class com.google.common.collect.ImmutableSet$SetBuilderImpl                           : loaded 2 times (x 76B)
Class org.gradle.internal.installation.CurrentGradleInstallation                      : loaded 2 times (x 73B)
Class com.google.common.cache.CacheLoader$1                                           : loaded 2 times (x 75B)
Class com.google.common.collect.ForwardingObject                                      : loaded 2 times (x 72B)
Class com.google.common.collect.ImmutableList$SubList                                 : loaded 2 times (x 209B)
Class org.gradle.util.internal.GUtil                                                  : loaded 2 times (x 71B)
Class com.google.common.io.ByteSource                                                 : loaded 2 times (x 84B)
Class com.google.common.util.concurrent.AbstractFuture$SetFuture                      : loaded 2 times (x 75B)
Class com.google.common.cache.AbstractCache$StatsCounter                              : loaded 2 times (x 70B)
Class com.google.common.reflect.Types$TypeVariableImpl                                : loaded 2 times (x 72B)
Class com.google.common.io.LineBuffer                                                 : loaded 2 times (x 75B)
Class com.google.common.collect.MapMakerInternalMap$1                                 : loaded 2 times (x 83B)
Class com.google.common.collect.Iterators$MergingIterator                             : loaded 2 times (x 81B)
Class com.google.common.collect.RegularImmutableSet                                   : loaded 2 times (x 149B)
Class org.gradle.internal.installation.GradleInstallation                             : loaded 2 times (x 75B)
Class com.google.common.base.Splitter$Strategy                                        : loaded 2 times (x 70B)
Class com.google.common.collect.Iterables                                             : loaded 2 times (x 71B)

---------------  S Y S T E M  ---------------

OS:
 Windows 11 , 64 bit Build 26100 (10.0.26100.7309)
OS uptime: 7 days 20:29 hours

CPU: total 8 (initial active 8) (4 cores per cpu, 2 threads per core) family 6 model 142 stepping 10 microcode 0xf6, cx8, cmov, fxsr, ht, mmx, 3dnowpref, sse, sse2, sse3, ssse3, sse4.1, sse4.2, popcnt, lzcnt, tsc, tscinvbit, avx, avx2, aes, erms, clmul, bmi1, bmi2, rtm, adx, fma, vzeroupper, clflush, clflushopt, rdtscp, f16c
Processor Information for the first 8 processors :
  Max Mhz: 1896, Current Mhz: 1696, Mhz Limit: 1687

Memory: 4k page, system-wide physical 16262M (839M free)
TotalPageFile size 35261M (AvailPageFile size 0M)
current process WorkingSet (physical memory assigned to process): 708M, peak: 708M
current process commit charge ("private bytes"): 745M, peak: 746M

vm_info: OpenJDK 64-Bit Server VM (21.0.8+-14018985-b1038.68) for windows-amd64 JRE (21.0.8+-14018985-b1038.68), built on 2025-08-29T19:56:34Z by "builder" with MS VC++ 16.10 / 16.11 (VS2019)

END.
