#
# There is insufficient memory for the Java Runtime Environment to continue.
# Native memory allocation (malloc) failed to allocate 2179248 bytes. Error detail: Chunk::new
# Possible reasons:
#   The system is out of physical RAM or swap space
#   This process is running with CompressedOops enabled, and the Java Heap may be blocking the growth of the native heap
# Possible solutions:
#   Reduce memory load on the system
#   Increase physical memory or swap space
#   Check if swap backing store is full
#   Decrease Java heap size (-Xmx/-Xms)
#   Decrease number of Java threads
#   Decrease Java thread stack sizes (-Xss)
#   Set larger code cache with -XX:ReservedCodeCacheSize=
#   JVM is running with Unscaled Compressed Oops mode in which the Java heap is
#     placed in the first 4GB address space. The Java Heap base address is the
#     maximum limit for the native heap growth. Please use -XX:HeapBaseMinAddress
#     to set the Java Heap base and to place the Java Heap above 4GB virtual address.
# This output file may be truncated or incomplete.
#
#  Out of Memory Error (arena.cpp:168), pid=32368, tid=29196
#
# JRE version: OpenJDK Runtime Environment (21.0.8) (build 21.0.8+-14018985-b1038.68)
# Java VM: OpenJDK 64-Bit Server VM (21.0.8+-14018985-b1038.68, mixed mode, tiered, compressed oops, compressed class ptrs, g1 gc, windows-amd64)
# No core dump will be written. Minidumps are not enabled by default on client versions of Windows
#

---------------  S U M M A R Y ------------

Command Line: --add-opens=java.base/java.lang=ALL-UNNAMED --add-opens=java.base/java.lang.invoke=ALL-UNNAMED --add-opens=java.base/java.util=ALL-UNNAMED --add-opens=java.prefs/java.util.prefs=ALL-UNNAMED --add-exports=jdk.compiler/com.sun.tools.javac.api=ALL-UNNAMED --add-exports=jdk.compiler/com.sun.tools.javac.util=ALL-UNNAMED --add-opens=java.base/java.util=ALL-UNNAMED --add-opens=java.prefs/java.util.prefs=ALL-UNNAMED --add-opens=java.base/java.nio.charset=ALL-UNNAMED --add-opens=java.base/java.net=ALL-UNNAMED --add-opens=java.base/java.util.concurrent.atomic=ALL-UNNAMED --add-opens=java.xml/javax.xml.namespace=ALL-UNNAMED -Xmx2048m -Dfile.encoding=UTF-8 -Duser.country=US -Duser.language=en -Duser.variant -javaagent:C:\Users\Muhammad Ali\.gradle\wrapper\dists\gradle-8.13-bin\5xuhj0ry160q40clulazy9h7d\gradle-8.13\lib\agents\gradle-instrumentation-agent-8.13.jar org.gradle.launcher.daemon.bootstrap.GradleDaemon 8.13

Host: Intel(R) Core(TM) i5-8350U CPU @ 1.70GHz, 8 cores, 15G,  Windows 11 , 64 bit Build 26100 (10.0.26100.7309)
Time: Sun Jan 11 20:00:06 2026 Pakistan Standard Time elapsed time: 25.803204 seconds (0d 0h 0m 25s)

---------------  T H R E A D  ---------------

Current thread (0x000002417a9b6410):  JavaThread "C2 CompilerThread2" daemon [_thread_in_native, id=29196, stack(0x00000051baf00000,0x00000051bb000000) (1024K)]


Current CompileTask:
C2:25803 14691       4       com.sun.xml.internal.stream.events.XMLEventAllocatorImpl::getXMLEvent (640 bytes)

Stack: [0x00000051baf00000,0x00000051bb000000]
Native frames: (J=compiled Java code, j=interpreted, Vv=VM code, C=native code)
V  [jvm.dll+0x6d68d9]
V  [jvm.dll+0x866693]
V  [jvm.dll+0x868c4e]
V  [jvm.dll+0x869333]
V  [jvm.dll+0x280566]
V  [jvm.dll+0xc07cd]
V  [jvm.dll+0xc0d03]
V  [jvm.dll+0x3b961b]
V  [jvm.dll+0x385507]
V  [jvm.dll+0x38497a]
V  [jvm.dll+0x249252]
V  [jvm.dll+0x248821]
V  [jvm.dll+0x1c73a4]
V  [jvm.dll+0x257f9e]
V  [jvm.dll+0x2564e6]
V  [jvm.dll+0x3f4696]
V  [jvm.dll+0x80eac8]
V  [jvm.dll+0x6d512d]
C  [ucrtbase.dll+0x37b0]
C  [KERNEL32.DLL+0x2e8d7]
C  [ntdll.dll+0x8c53c]


---------------  P R O C E S S  ---------------

Threads class SMR info:
_java_thread_list=0x0000024176dd2370, length=115, elements={
0x0000024157d79f10, 0x000002416f5838c0, 0x000002416f586fd0, 0x000002416f588d40,
0x000002416f5b7df0, 0x000002416f5b8850, 0x000002416f5bbe70, 0x000002416f5bc8d0,
0x000002416f5bab70, 0x000002416f5c6400, 0x00000241740f1e70, 0x00000241756295a0,
0x0000024175addc00, 0x000002417598db30, 0x0000024175982760, 0x000002417598b720,
0x0000024175b6d780, 0x0000024175b6e200, 0x0000024175be8d80, 0x0000024175beb4e0,
0x0000024175be86f0, 0x0000024175be8060, 0x0000024175be9aa0, 0x0000024175be9410,
0x0000024175bea7c0, 0x0000024175beae50, 0x0000024178173d80, 0x0000024178174410,
0x00000241781757c0, 0x0000024178174aa0, 0x0000024178175e50, 0x00000241781764e0,
0x0000024178173060, 0x00000241774fb2f0, 0x00000241774fc010, 0x00000241774fa5d0,
0x00000241774f9220, 0x00000241774fcd30, 0x00000241774fb980, 0x00000241774fac60,
0x00000241774f98b0, 0x00000241774fd3c0, 0x00000241774f9f40, 0x00000241774ff490,
0x0000024177500840, 0x00000241775001b0, 0x00000241774fda50, 0x00000241774fe0e0,
0x00000241774ffb20, 0x00000241774fe770, 0x00000241774fee00, 0x0000024178fdf980,
0x0000024178fe2770, 0x0000024178fe2e00, 0x0000024178fe3490, 0x0000024178fe0d30,
0x0000024178fe0010, 0x0000024178fe13c0, 0x0000024178fe06a0, 0x0000024178fe3b20,
0x0000024178fe6280, 0x0000024178fe4ed0, 0x0000024178fe6910, 0x0000024178fe41b0,
0x0000024178fe4840, 0x0000024178fe5560, 0x0000024178fe5bf0, 0x00000241767d8e20,
0x00000241767daef0, 0x00000241767db580, 0x00000241767d9b40, 0x00000241767d8790,
0x00000241767da1d0, 0x00000241767d8100, 0x00000241767dbc10, 0x00000241798295e0,
0x0000024179829c70, 0x000002417982b6b0, 0x00000241798288c0, 0x000002417982c3d0,
0x0000024179828f50, 0x000002417982f1c0, 0x000002417982d780, 0x000002417982e4a0,
0x000002417982ca60, 0x000002417982de10, 0x000002417982eb30, 0x000002417982d0f0,
0x000002417982f850, 0x00000241767dd650, 0x00000241767ddce0, 0x00000241767dea00,
0x00000241767de370, 0x00000241767df090, 0x000002417c5d3bf0, 0x000002417c5d4910,
0x000002417c5d2ed0, 0x000002417c5d4fa0, 0x000002417c5d4280, 0x000002417c5d5630,
0x000002417c5d69e0, 0x000002417c5d5cc0, 0x000002417c5d3560, 0x000002417c5d9140,
0x000002417c5d6350, 0x000002417a9b7f50, 0x000002417a9b6410, 0x0000024178825c70,
0x0000024178829780, 0x0000024178826300, 0x0000024178826990, 0x000002417882ab30,
0x000002417882b1c0, 0x000002417882b850, 0x000002417882bee0
}

Java Threads: ( => current thread )
  0x0000024157d79f10 JavaThread "main"                              [_thread_blocked, id=31340, stack(0x00000051b3600000,0x00000051b3700000) (1024K)]
  0x000002416f5838c0 JavaThread "Common-Cleaner"             daemon [_thread_blocked, id=31560, stack(0x00000051b3e00000,0x00000051b3f00000) (1024K)]
  0x000002416f586fd0 JavaThread "Reference Handler"          daemon [_thread_blocked, id=10020, stack(0x00000051b3f00000,0x00000051b4000000) (1024K)]
  0x000002416f588d40 JavaThread "Finalizer"                  daemon [_thread_blocked, id=6924, stack(0x00000051b4000000,0x00000051b4100000) (1024K)]
  0x000002416f5b7df0 JavaThread "Signal Dispatcher"          daemon [_thread_blocked, id=21224, stack(0x00000051b4100000,0x00000051b4200000) (1024K)]
  0x000002416f5b8850 JavaThread "Attach Listener"            daemon [_thread_blocked, id=9012, stack(0x00000051b4200000,0x00000051b4300000) (1024K)]
  0x000002416f5bbe70 JavaThread "Service Thread"             daemon [_thread_blocked, id=12900, stack(0x00000051b4300000,0x00000051b4400000) (1024K)]
  0x000002416f5bc8d0 JavaThread "Monitor Deflation Thread"   daemon [_thread_blocked, id=20588, stack(0x00000051b4400000,0x00000051b4500000) (1024K)]
  0x000002416f5bab70 JavaThread "C2 CompilerThread0"         daemon [_thread_in_native, id=23156, stack(0x00000051b4500000,0x00000051b4600000) (1024K)]
  0x000002416f5c6400 JavaThread "C1 CompilerThread0"         daemon [_thread_in_native, id=8360, stack(0x00000051b4600000,0x00000051b4700000) (1024K)]
  0x00000241740f1e70 JavaThread "Notification Thread"        daemon [_thread_blocked, id=10144, stack(0x00000051b4700000,0x00000051b4800000) (1024K)]
  0x00000241756295a0 JavaThread "Daemon health stats"               [_thread_blocked, id=11428, stack(0x00000051b4900000,0x00000051b4a00000) (1024K)]
  0x0000024175addc00 JavaThread "Incoming local TCP Connector on port 41895"        [_thread_in_native, id=7684, stack(0x00000051b5100000,0x00000051b5200000) (1024K)]
  0x000002417598db30 JavaThread "Daemon periodic checks"            [_thread_blocked, id=3256, stack(0x00000051b5200000,0x00000051b5300000) (1024K)]
  0x0000024175982760 JavaThread "Daemon"                            [_thread_blocked, id=31216, stack(0x00000051b5300000,0x00000051b5400000) (1024K)]
  0x000002417598b720 JavaThread "Handler for socket connection from /127.0.0.1:41895 to /127.0.0.1:41896"        [_thread_in_native, id=20884, stack(0x00000051b5400000,0x00000051b5500000) (1024K)]
  0x0000024175b6d780 JavaThread "Cancel handler"                    [_thread_blocked, id=29492, stack(0x00000051b5500000,0x00000051b5600000) (1024K)]
  0x0000024175b6e200 JavaThread "Daemon worker"                     [_thread_blocked, id=34608, stack(0x00000051b5600000,0x00000051b5700000) (1024K)]
  0x0000024175be8d80 JavaThread "Asynchronous log dispatcher for DefaultDaemonConnection: socket connection from /127.0.0.1:41895 to /127.0.0.1:41896"        [_thread_blocked, id=10568, stack(0x00000051b5700000,0x00000051b5800000) (1024K)]
  0x0000024175beb4e0 JavaThread "Stdin handler"                     [_thread_blocked, id=27300, stack(0x00000051b5800000,0x00000051b5900000) (1024K)]
  0x0000024175be86f0 JavaThread "Daemon client event forwarder"        [_thread_blocked, id=27724, stack(0x00000051b5900000,0x00000051b5a00000) (1024K)]
  0x0000024175be8060 JavaThread "Cache worker for journal cache (C:\Users\Muhammad Ali\.gradle\caches\journal-1)"        [_thread_blocked, id=15344, stack(0x00000051b5b00000,0x00000051b5c00000) (1024K)]
  0x0000024175be9aa0 JavaThread "File lock request listener"        [_thread_in_native, id=31036, stack(0x00000051b5c00000,0x00000051b5d00000) (1024K)]
  0x0000024175be9410 JavaThread "Cache worker for file hash cache (C:\Users\Muhammad Ali\.gradle\caches\8.13\fileHashes)"        [_thread_blocked, id=26520, stack(0x00000051b5d00000,0x00000051b5e00000) (1024K)]
  0x0000024175bea7c0 JavaThread "Cache worker for file hash cache (C:\Users\Muhammad Ali\Desktop\App_development_Project\.gradle\8.13\fileHashes)"        [_thread_blocked, id=15204, stack(0x00000051b5f00000,0x00000051b6000000) (1024K)]
  0x0000024175beae50 JavaThread "Cache worker for Build Output Cleanup Cache (C:\Users\Muhammad Ali\Desktop\App_development_Project\.gradle\buildOutputCleanup)"        [_thread_blocked, id=6484, stack(0x00000051b6000000,0x00000051b6100000) (1024K)]
  0x0000024178173d80 JavaThread "File watcher server"        daemon [_thread_in_native, id=20564, stack(0x00000051b6100000,0x00000051b6200000) (1024K)]
  0x0000024178174410 JavaThread "File watcher consumer"      daemon [_thread_blocked, id=12032, stack(0x00000051b6200000,0x00000051b6300000) (1024K)]
  0x00000241781757c0 JavaThread "jar transforms"                    [_thread_blocked, id=28176, stack(0x00000051b6300000,0x00000051b6400000) (1024K)]
  0x0000024178174aa0 JavaThread "jar transforms Thread 2"           [_thread_blocked, id=33316, stack(0x00000051b6400000,0x00000051b6500000) (1024K)]
  0x0000024178175e50 JavaThread "Cache worker for checksums cache (C:\Users\Muhammad Ali\Desktop\App_development_Project\.gradle\8.13\checksums)"        [_thread_blocked, id=31076, stack(0x00000051b6500000,0x00000051b6600000) (1024K)]
  0x00000241781764e0 JavaThread "Cache worker for file content cache (C:\Users\Muhammad Ali\.gradle\caches\8.13\fileContent)"        [_thread_blocked, id=26556, stack(0x00000051b6600000,0x00000051b6700000) (1024K)]
  0x0000024178173060 JavaThread "jar transforms Thread 3"           [_thread_blocked, id=34440, stack(0x00000051b6700000,0x00000051b6800000) (1024K)]
  0x00000241774fb2f0 JavaThread "Cache worker for cache directory md-supplier (C:\Users\Muhammad Ali\.gradle\caches\8.13\md-supplier)"        [_thread_blocked, id=19512, stack(0x00000051b6800000,0x00000051b6900000) (1024K)]
  0x00000241774fc010 JavaThread "Cache worker for cache directory md-rule (C:\Users\Muhammad Ali\.gradle\caches\8.13\md-rule)"        [_thread_blocked, id=16372, stack(0x00000051b6900000,0x00000051b6a00000) (1024K)]
  0x00000241774fa5d0 JavaThread "Unconstrained build operations"        [_thread_blocked, id=31052, stack(0x00000051b6a00000,0x00000051b6b00000) (1024K)]
  0x00000241774f9220 JavaThread "Unconstrained build operations Thread 2"        [_thread_blocked, id=23296, stack(0x00000051b6b00000,0x00000051b6c00000) (1024K)]
  0x00000241774fcd30 JavaThread "Unconstrained build operations Thread 3"        [_thread_blocked, id=5308, stack(0x00000051b6c00000,0x00000051b6d00000) (1024K)]
  0x00000241774fb980 JavaThread "Unconstrained build operations Thread 4"        [_thread_blocked, id=28380, stack(0x00000051b6d00000,0x00000051b6e00000) (1024K)]
  0x00000241774fac60 JavaThread "Unconstrained build operations Thread 5"        [_thread_blocked, id=30500, stack(0x00000051b6e00000,0x00000051b6f00000) (1024K)]
  0x00000241774f98b0 JavaThread "Unconstrained build operations Thread 6"        [_thread_blocked, id=33516, stack(0x00000051b6f00000,0x00000051b7000000) (1024K)]
  0x00000241774fd3c0 JavaThread "Unconstrained build operations Thread 7"        [_thread_blocked, id=33816, stack(0x00000051b7000000,0x00000051b7100000) (1024K)]
  0x00000241774f9f40 JavaThread "Unconstrained build operations Thread 8"        [_thread_blocked, id=30408, stack(0x00000051b7100000,0x00000051b7200000) (1024K)]
  0x00000241774ff490 JavaThread "jar transforms Thread 4"           [_thread_blocked, id=1864, stack(0x00000051b7200000,0x00000051b7300000) (1024K)]
  0x0000024177500840 JavaThread "jar transforms Thread 5"           [_thread_blocked, id=22364, stack(0x00000051b7300000,0x00000051b7400000) (1024K)]
  0x00000241775001b0 JavaThread "Unconstrained build operations Thread 9"        [_thread_blocked, id=27532, stack(0x00000051b7400000,0x00000051b7500000) (1024K)]
  0x00000241774fda50 JavaThread "Unconstrained build operations Thread 10"        [_thread_blocked, id=34368, stack(0x00000051b7500000,0x00000051b7600000) (1024K)]
  0x00000241774fe0e0 JavaThread "Unconstrained build operations Thread 11"        [_thread_blocked, id=31456, stack(0x00000051b7600000,0x00000051b7700000) (1024K)]
  0x00000241774ffb20 JavaThread "Unconstrained build operations Thread 12"        [_thread_blocked, id=28820, stack(0x00000051b7700000,0x00000051b7800000) (1024K)]
  0x00000241774fe770 JavaThread "jar transforms Thread 6"           [_thread_blocked, id=7036, stack(0x00000051b7800000,0x00000051b7900000) (1024K)]
  0x00000241774fee00 JavaThread "jar transforms Thread 7"           [_thread_blocked, id=9652, stack(0x00000051b7900000,0x00000051b7a00000) (1024K)]
  0x0000024178fdf980 JavaThread "jar transforms Thread 8"           [_thread_blocked, id=34756, stack(0x00000051b7a00000,0x00000051b7b00000) (1024K)]
  0x0000024178fe2770 JavaThread "Unconstrained build operations Thread 13"        [_thread_blocked, id=25728, stack(0x00000051b7b00000,0x00000051b7c00000) (1024K)]
  0x0000024178fe2e00 JavaThread "Unconstrained build operations Thread 14"        [_thread_blocked, id=33004, stack(0x00000051b7c00000,0x00000051b7d00000) (1024K)]
  0x0000024178fe3490 JavaThread "Unconstrained build operations Thread 15"        [_thread_blocked, id=31328, stack(0x00000051b7d00000,0x00000051b7e00000) (1024K)]
  0x0000024178fe0d30 JavaThread "Unconstrained build operations Thread 16"        [_thread_blocked, id=532, stack(0x00000051b7e00000,0x00000051b7f00000) (1024K)]
  0x0000024178fe0010 JavaThread "Unconstrained build operations Thread 17"        [_thread_blocked, id=32876, stack(0x00000051b7f00000,0x00000051b8000000) (1024K)]
  0x0000024178fe13c0 JavaThread "Unconstrained build operations Thread 18"        [_thread_blocked, id=27428, stack(0x00000051b8000000,0x00000051b8100000) (1024K)]
  0x0000024178fe06a0 JavaThread "Unconstrained build operations Thread 19"        [_thread_blocked, id=31968, stack(0x00000051b8100000,0x00000051b8200000) (1024K)]
  0x0000024178fe3b20 JavaThread "Unconstrained build operations Thread 20"        [_thread_blocked, id=1860, stack(0x00000051b8200000,0x00000051b8300000) (1024K)]
  0x0000024178fe6280 JavaThread "Unconstrained build operations Thread 21"        [_thread_blocked, id=4928, stack(0x00000051b8300000,0x00000051b8400000) (1024K)]
  0x0000024178fe4ed0 JavaThread "Unconstrained build operations Thread 22"        [_thread_blocked, id=18768, stack(0x00000051b8400000,0x00000051b8500000) (1024K)]
  0x0000024178fe6910 JavaThread "Unconstrained build operations Thread 23"        [_thread_blocked, id=33172, stack(0x00000051b8500000,0x00000051b8600000) (1024K)]
  0x0000024178fe41b0 JavaThread "Unconstrained build operations Thread 24"        [_thread_blocked, id=18404, stack(0x00000051b8600000,0x00000051b8700000) (1024K)]
  0x0000024178fe4840 JavaThread "Unconstrained build operations Thread 25"        [_thread_blocked, id=28476, stack(0x00000051b8700000,0x00000051b8800000) (1024K)]
  0x0000024178fe5560 JavaThread "Unconstrained build operations Thread 26"        [_thread_blocked, id=9008, stack(0x00000051b8800000,0x00000051b8900000) (1024K)]
  0x0000024178fe5bf0 JavaThread "Unconstrained build operations Thread 27"        [_thread_blocked, id=2272, stack(0x00000051b8900000,0x00000051b8a00000) (1024K)]
  0x00000241767d8e20 JavaThread "Unconstrained build operations Thread 28"        [_thread_blocked, id=29680, stack(0x00000051b8a00000,0x00000051b8b00000) (1024K)]
  0x00000241767daef0 JavaThread "Unconstrained build operations Thread 29"        [_thread_blocked, id=15832, stack(0x00000051b8b00000,0x00000051b8c00000) (1024K)]
  0x00000241767db580 JavaThread "Unconstrained build operations Thread 30"        [_thread_blocked, id=30284, stack(0x00000051b8c00000,0x00000051b8d00000) (1024K)]
  0x00000241767d9b40 JavaThread "Unconstrained build operations Thread 31"        [_thread_blocked, id=28668, stack(0x00000051b8d00000,0x00000051b8e00000) (1024K)]
  0x00000241767d8790 JavaThread "Unconstrained build operations Thread 32"        [_thread_blocked, id=20500, stack(0x00000051b8e00000,0x00000051b8f00000) (1024K)]
  0x00000241767da1d0 JavaThread "Unconstrained build operations Thread 33"        [_thread_blocked, id=13464, stack(0x00000051b8f00000,0x00000051b9000000) (1024K)]
  0x00000241767d8100 JavaThread "build event listener"              [_thread_blocked, id=2408, stack(0x00000051b5e00000,0x00000051b5f00000) (1024K)]
  0x00000241767dbc10 JavaThread "Memory manager"                    [_thread_blocked, id=31428, stack(0x00000051b9000000,0x00000051b9100000) (1024K)]
  0x00000241798295e0 JavaThread "included builds"                   [_thread_blocked, id=13076, stack(0x00000051b9100000,0x00000051b9200000) (1024K)]
  0x0000024179829c70 JavaThread "Execution worker"                  [_thread_blocked, id=27672, stack(0x00000051b9200000,0x00000051b9300000) (1024K)]
  0x000002417982b6b0 JavaThread "Execution worker Thread 2"         [_thread_in_native, id=19140, stack(0x00000051b9300000,0x00000051b9400000) (1024K)]
  0x00000241798288c0 JavaThread "Execution worker Thread 3"         [_thread_blocked, id=28136, stack(0x00000051b9400000,0x00000051b9500000) (1024K)]
  0x000002417982c3d0 JavaThread "Execution worker Thread 4"         [_thread_blocked, id=18072, stack(0x00000051b9500000,0x00000051b9600000) (1024K)]
  0x0000024179828f50 JavaThread "Execution worker Thread 5"         [_thread_blocked, id=16604, stack(0x00000051b9600000,0x00000051b9700000) (1024K)]
  0x000002417982f1c0 JavaThread "Execution worker Thread 6"         [_thread_blocked, id=25524, stack(0x00000051b9700000,0x00000051b9800000) (1024K)]
  0x000002417982d780 JavaThread "Execution worker Thread 7"         [_thread_blocked, id=29276, stack(0x00000051b9800000,0x00000051b9900000) (1024K)]
  0x000002417982e4a0 JavaThread "Cache worker for execution history cache (C:\Users\Muhammad Ali\Desktop\App_development_Project\.gradle\8.13\executionHistory)"        [_thread_blocked, id=26920, stack(0x00000051b9900000,0x00000051b9a00000) (1024K)]
  0x000002417982ca60 JavaThread "Unconstrained build operations Thread 34"        [_thread_blocked, id=26508, stack(0x00000051b9a00000,0x00000051b9b00000) (1024K)]
  0x000002417982de10 JavaThread "Unconstrained build operations Thread 35"        [_thread_blocked, id=28260, stack(0x00000051b9b00000,0x00000051b9c00000) (1024K)]
  0x000002417982eb30 JavaThread "Unconstrained build operations Thread 36"        [_thread_blocked, id=26804, stack(0x00000051b9c00000,0x00000051b9d00000) (1024K)]
  0x000002417982d0f0 JavaThread "Unconstrained build operations Thread 37"        [_thread_blocked, id=31928, stack(0x00000051b9d00000,0x00000051b9e00000) (1024K)]
  0x000002417982f850 JavaThread "Unconstrained build operations Thread 38"        [_thread_blocked, id=27524, stack(0x00000051b9e00000,0x00000051b9f00000) (1024K)]
  0x00000241767dd650 JavaThread "Unconstrained build operations Thread 39"        [_thread_blocked, id=24156, stack(0x00000051b9f00000,0x00000051ba000000) (1024K)]
  0x00000241767ddce0 JavaThread "Unconstrained build operations Thread 40"        [_thread_blocked, id=32848, stack(0x00000051ba000000,0x00000051ba100000) (1024K)]
  0x00000241767dea00 JavaThread "Unconstrained build operations Thread 41"        [_thread_blocked, id=14392, stack(0x00000051ba100000,0x00000051ba200000) (1024K)]
  0x00000241767de370 JavaThread "Unconstrained build operations Thread 42"        [_thread_blocked, id=16792, stack(0x00000051ba200000,0x00000051ba300000) (1024K)]
  0x00000241767df090 JavaThread "Unconstrained build operations Thread 43"        [_thread_blocked, id=29144, stack(0x00000051ba300000,0x00000051ba400000) (1024K)]
  0x000002417c5d3bf0 JavaThread "Unconstrained build operations Thread 44"        [_thread_blocked, id=3604, stack(0x00000051ba400000,0x00000051ba500000) (1024K)]
  0x000002417c5d4910 JavaThread "Unconstrained build operations Thread 45"        [_thread_blocked, id=30884, stack(0x00000051ba500000,0x00000051ba600000) (1024K)]
  0x000002417c5d2ed0 JavaThread "Unconstrained build operations Thread 46"        [_thread_blocked, id=30432, stack(0x00000051ba600000,0x00000051ba700000) (1024K)]
  0x000002417c5d4fa0 JavaThread "Unconstrained build operations Thread 47"        [_thread_blocked, id=31500, stack(0x00000051ba700000,0x00000051ba800000) (1024K)]
  0x000002417c5d4280 JavaThread "Unconstrained build operations Thread 48"        [_thread_blocked, id=4644, stack(0x00000051ba800000,0x00000051ba900000) (1024K)]
  0x000002417c5d5630 JavaThread "Unconstrained build operations Thread 49"        [_thread_blocked, id=34292, stack(0x00000051ba900000,0x00000051baa00000) (1024K)]
  0x000002417c5d69e0 JavaThread "Unconstrained build operations Thread 50"        [_thread_blocked, id=32596, stack(0x00000051baa00000,0x00000051bab00000) (1024K)]
  0x000002417c5d5cc0 JavaThread "Unconstrained build operations Thread 51"        [_thread_blocked, id=14132, stack(0x00000051bab00000,0x00000051bac00000) (1024K)]
  0x000002417c5d3560 JavaThread "Unconstrained build operations Thread 52"        [_thread_blocked, id=33604, stack(0x00000051bac00000,0x00000051bad00000) (1024K)]
  0x000002417c5d9140 JavaThread "Unconstrained build operations Thread 53"        [_thread_blocked, id=7536, stack(0x00000051bad00000,0x00000051bae00000) (1024K)]
  0x000002417c5d6350 JavaThread "Unconstrained build operations Thread 54"        [_thread_blocked, id=20032, stack(0x00000051bae00000,0x00000051baf00000) (1024K)]
  0x000002417a9b7f50 JavaThread "C2 CompilerThread1"         daemon [_thread_in_native, id=5560, stack(0x00000051b4800000,0x00000051b4900000) (1024K)]
=>0x000002417a9b6410 JavaThread "C2 CompilerThread2"         daemon [_thread_in_native, id=29196, stack(0x00000051baf00000,0x00000051bb000000) (1024K)]
  0x0000024178825c70 JavaThread "WorkerExecutor Queue"              [_thread_in_Java, id=34740, stack(0x00000051bb000000,0x00000051bb100000) (1024K)]
  0x0000024178829780 JavaThread "WorkerExecutor Queue Thread 2"        [_thread_in_Java, id=18344, stack(0x00000051bb100000,0x00000051bb200000) (1024K)]
  0x0000024178826300 JavaThread "WorkerExecutor Queue Thread 3"        [_thread_in_vm, id=16120, stack(0x00000051bb200000,0x00000051bb300000) (1024K)]
  0x0000024178826990 JavaThread "WorkerExecutor Queue Thread 4"        [_thread_in_Java, id=21584, stack(0x00000051bb300000,0x00000051bb400000) (1024K)]
  0x000002417882ab30 JavaThread "WorkerExecutor Queue Thread 5"        [_thread_in_Java, id=32148, stack(0x00000051bb400000,0x00000051bb500000) (1024K)]
  0x000002417882b1c0 JavaThread "WorkerExecutor Queue Thread 6"        [_thread_blocked, id=28252, stack(0x00000051bb500000,0x00000051bb600000) (1024K)]
  0x000002417882b850 JavaThread "WorkerExecutor Queue Thread 7"        [_thread_in_native, id=28200, stack(0x00000051bb600000,0x00000051bb700000) (1024K)]
  0x000002417882bee0 JavaThread "WorkerExecutor Queue Thread 8"        [_thread_blocked, id=20764, stack(0x00000051bb700000,0x00000051bb800000) (1024K)]
Total: 115

Other Threads:
  0x000002416f50d760 VMThread "VM Thread"                           [id=30276, stack(0x00000051b3d00000,0x00000051b3e00000) (1024K)]
  0x000002416f5019e0 WatcherThread "VM Periodic Task Thread"        [id=30788, stack(0x00000051b3c00000,0x00000051b3d00000) (1024K)]
  0x0000024157dd2fe0 WorkerThread "GC Thread#0"                     [id=8804, stack(0x00000051b3700000,0x00000051b3800000) (1024K)]
  0x00000241746656c0 WorkerThread "GC Thread#1"                     [id=31256, stack(0x00000051b4a00000,0x00000051b4b00000) (1024K)]
  0x00000241745ed1b0 WorkerThread "GC Thread#2"                     [id=15056, stack(0x00000051b4b00000,0x00000051b4c00000) (1024K)]
  0x00000241745ece10 WorkerThread "GC Thread#3"                     [id=33860, stack(0x00000051b4c00000,0x00000051b4d00000) (1024K)]
  0x00000241745eca70 WorkerThread "GC Thread#4"                     [id=32008, stack(0x00000051b4d00000,0x00000051b4e00000) (1024K)]
  0x00000241745ec330 WorkerThread "GC Thread#5"                     [id=33064, stack(0x00000051b4e00000,0x00000051b4f00000) (1024K)]
  0x00000241745ebf90 WorkerThread "GC Thread#6"                     [id=9448, stack(0x00000051b4f00000,0x00000051b5000000) (1024K)]
  0x00000241759f2c30 WorkerThread "GC Thread#7"                     [id=28000, stack(0x00000051b5000000,0x00000051b5100000) (1024K)]
  0x0000024157de4d10 ConcurrentGCThread "G1 Main Marker"            [id=28988, stack(0x00000051b3800000,0x00000051b3900000) (1024K)]
  0x0000024157de5ec0 WorkerThread "G1 Conc#0"                       [id=31996, stack(0x00000051b3900000,0x00000051b3a00000) (1024K)]
  0x00000241759f5ef0 WorkerThread "G1 Conc#1"                       [id=4924, stack(0x00000051b5a00000,0x00000051b5b00000) (1024K)]
  0x000002416f3737e0 ConcurrentGCThread "G1 Refine#0"               [id=21300, stack(0x00000051b3a00000,0x00000051b3b00000) (1024K)]
  0x000002416f375010 ConcurrentGCThread "G1 Service"                [id=31548, stack(0x00000051b3b00000,0x00000051b3c00000) (1024K)]
Total: 15

Threads with active compile tasks:
C2 CompilerThread0  25880 14923       4       com.sun.org.apache.xerces.internal.impl.XMLStreamReaderImpl::getText (227 bytes)
C1 CompilerThread0  25880 14989       2       com.android.aapt.Resources$SourcePosition$Builder::build (19 bytes)
C2 CompilerThread1  25880 14922       4       com.android.aaptcompiler.ResourceUtilsKt::extractResourceName (274 bytes)
C2 CompilerThread2  25880 14691       4       com.sun.xml.internal.stream.events.XMLEventAllocatorImpl::getXMLEvent (640 bytes)
Total: 4

VM state: not at safepoint (normal execution)

VM Mutex/Monitor currently owned by a thread: None

Heap address: 0x0000000080000000, size: 2048 MB, Compressed Oops mode: 32-bit

CDS archive(s) not mapped
Compressed class space mapped at: 0x0000000100000000-0x0000000140000000, reserved size: 1073741824
Narrow klass base: 0x0000000000000000, Narrow klass shift: 3, Narrow klass range: 0x140000000

GC Precious Log:
 CardTable entry size: 512
 Card Set container configuration: InlinePtr #cards 5 size 8 Array Of Cards #cards 12 size 40 Howl #buckets 4 coarsen threshold 1843 Howl Bitmap #cards 512 size 80 coarsen threshold 460 Card regions per heap region 1 cards per card region 2048
 CPUs: 8 total, 8 available
 Memory: 16262M
 Large Page Support: Disabled
 NUMA Support: Disabled
 Compressed Oops: Enabled (32-bit)
 Heap Region Size: 1M
 Heap Min Capacity: 8M
 Heap Initial Capacity: 256M
 Heap Max Capacity: 2G
 Pre-touch: Disabled
 Parallel Workers: 8
 Concurrent Workers: 2
 Concurrent Refinement Workers: 8
 Periodic GC: Disabled

Heap:
 garbage-first heap   total 234496K, used 183995K [0x0000000080000000, 0x0000000100000000)
  region size 1024K, 39 young (39936K), 4 survivors (4096K)
 Metaspace       used 117078K, committed 119296K, reserved 1179648K
  class space    used 16194K, committed 17280K, reserved 1048576K

Heap Regions: E=young(eden), S=young(survivor), O=old, HS=humongous(starts), HC=humongous(continues), CS=collection set, F=free, TAMS=top-at-mark-start, PB=parsable bottom
|   0|0x0000000080000000, 0x0000000080100000, 0x0000000080100000|100%|HS|  |TAMS 0x0000000080000000| PB 0x0000000080000000| Complete 
|   1|0x0000000080100000, 0x0000000080200000, 0x0000000080200000|100%|HC|  |TAMS 0x0000000080100000| PB 0x0000000080100000| Complete 
|   2|0x0000000080200000, 0x0000000080300000, 0x0000000080300000|100%|HC|  |TAMS 0x0000000080200000| PB 0x0000000080200000| Complete 
|   3|0x0000000080300000, 0x0000000080400000, 0x0000000080400000|100%| O|  |TAMS 0x0000000080300000| PB 0x0000000080300000| Untracked 
|   4|0x0000000080400000, 0x0000000080500000, 0x0000000080500000|100%| O|  |TAMS 0x0000000080400000| PB 0x0000000080400000| Untracked 
|   5|0x0000000080500000, 0x0000000080600000, 0x0000000080600000|100%| O|  |TAMS 0x0000000080500000| PB 0x0000000080500000| Untracked 
|   6|0x0000000080600000, 0x0000000080700000, 0x0000000080700000|100%|HS|  |TAMS 0x0000000080600000| PB 0x0000000080600000| Complete 
|   7|0x0000000080700000, 0x0000000080800000, 0x0000000080800000|100%| O|  |TAMS 0x0000000080700000| PB 0x0000000080700000| Untracked 
|   8|0x0000000080800000, 0x0000000080900000, 0x0000000080900000|100%| O|  |TAMS 0x0000000080800000| PB 0x0000000080800000| Untracked 
|   9|0x0000000080900000, 0x0000000080a00000, 0x0000000080a00000|100%| O|  |TAMS 0x0000000080900000| PB 0x0000000080900000| Untracked 
|  10|0x0000000080a00000, 0x0000000080b00000, 0x0000000080b00000|100%| O|  |TAMS 0x0000000080a00000| PB 0x0000000080a00000| Untracked 
|  11|0x0000000080b00000, 0x0000000080c00000, 0x0000000080c00000|100%| O|  |TAMS 0x0000000080b00000| PB 0x0000000080b00000| Untracked 
|  12|0x0000000080c00000, 0x0000000080d00000, 0x0000000080d00000|100%| O|  |TAMS 0x0000000080c00000| PB 0x0000000080c00000| Untracked 
|  13|0x0000000080d00000, 0x0000000080e00000, 0x0000000080e00000|100%| O|  |TAMS 0x0000000080d00000| PB 0x0000000080d00000| Untracked 
|  14|0x0000000080e00000, 0x0000000080f00000, 0x0000000080f00000|100%| O|  |TAMS 0x0000000080e00000| PB 0x0000000080e00000| Untracked 
|  15|0x0000000080f00000, 0x0000000081000000, 0x0000000081000000|100%| O|  |TAMS 0x0000000080f00000| PB 0x0000000080f00000| Untracked 
|  16|0x0000000081000000, 0x0000000081100000, 0x0000000081100000|100%| O|  |TAMS 0x0000000081000000| PB 0x0000000081000000| Untracked 
|  17|0x0000000081100000, 0x0000000081200000, 0x0000000081200000|100%| O|  |TAMS 0x0000000081100000| PB 0x0000000081100000| Untracked 
|  18|0x0000000081200000, 0x0000000081300000, 0x0000000081300000|100%| O|  |TAMS 0x0000000081200000| PB 0x0000000081200000| Untracked 
|  19|0x0000000081300000, 0x0000000081400000, 0x0000000081400000|100%| O|  |TAMS 0x0000000081300000| PB 0x0000000081300000| Untracked 
|  20|0x0000000081400000, 0x0000000081500000, 0x0000000081500000|100%| O|  |TAMS 0x0000000081400000| PB 0x0000000081400000| Untracked 
|  21|0x0000000081500000, 0x0000000081600000, 0x0000000081600000|100%| O|  |TAMS 0x0000000081500000| PB 0x0000000081500000| Untracked 
|  22|0x0000000081600000, 0x0000000081700000, 0x0000000081700000|100%| O|  |TAMS 0x0000000081600000| PB 0x0000000081600000| Untracked 
|  23|0x0000000081700000, 0x0000000081800000, 0x0000000081800000|100%| O|  |TAMS 0x0000000081700000| PB 0x0000000081700000| Untracked 
|  24|0x0000000081800000, 0x0000000081900000, 0x0000000081900000|100%| O|  |TAMS 0x0000000081800000| PB 0x0000000081800000| Untracked 
|  25|0x0000000081900000, 0x0000000081a00000, 0x0000000081a00000|100%| O|  |TAMS 0x0000000081900000| PB 0x0000000081900000| Untracked 
|  26|0x0000000081a00000, 0x0000000081b00000, 0x0000000081b00000|100%| O|  |TAMS 0x0000000081a00000| PB 0x0000000081a00000| Untracked 
|  27|0x0000000081b00000, 0x0000000081c00000, 0x0000000081c00000|100%| O|  |TAMS 0x0000000081b00000| PB 0x0000000081b00000| Untracked 
|  28|0x0000000081c00000, 0x0000000081d00000, 0x0000000081d00000|100%| O|  |TAMS 0x0000000081c00000| PB 0x0000000081c00000| Untracked 
|  29|0x0000000081d00000, 0x0000000081e00000, 0x0000000081e00000|100%| O|  |TAMS 0x0000000081d00000| PB 0x0000000081d00000| Untracked 
|  30|0x0000000081e00000, 0x0000000081f00000, 0x0000000081f00000|100%| O|  |TAMS 0x0000000081e00000| PB 0x0000000081e00000| Untracked 
|  31|0x0000000081f00000, 0x0000000082000000, 0x0000000082000000|100%| O|  |TAMS 0x0000000081f00000| PB 0x0000000081f00000| Untracked 
|  32|0x0000000082000000, 0x0000000082100000, 0x0000000082100000|100%| O|  |TAMS 0x0000000082000000| PB 0x0000000082000000| Untracked 
|  33|0x0000000082100000, 0x0000000082200000, 0x0000000082200000|100%| O|  |TAMS 0x0000000082100000| PB 0x0000000082100000| Untracked 
|  34|0x0000000082200000, 0x0000000082300000, 0x0000000082300000|100%|HS|  |TAMS 0x0000000082200000| PB 0x0000000082200000| Complete 
|  35|0x0000000082300000, 0x0000000082400000, 0x0000000082400000|100%| O|  |TAMS 0x0000000082300000| PB 0x0000000082300000| Untracked 
|  36|0x0000000082400000, 0x0000000082500000, 0x0000000082500000|100%| O|  |TAMS 0x0000000082400000| PB 0x0000000082400000| Untracked 
|  37|0x0000000082500000, 0x0000000082600000, 0x0000000082600000|100%| O|  |TAMS 0x0000000082500000| PB 0x0000000082500000| Untracked 
|  38|0x0000000082600000, 0x0000000082700000, 0x0000000082700000|100%|HS|  |TAMS 0x0000000082600000| PB 0x0000000082600000| Complete 
|  39|0x0000000082700000, 0x0000000082800000, 0x0000000082800000|100%| O|  |TAMS 0x0000000082700000| PB 0x0000000082700000| Untracked 
|  40|0x0000000082800000, 0x0000000082900000, 0x0000000082900000|100%| O|  |TAMS 0x0000000082800000| PB 0x0000000082800000| Untracked 
|  41|0x0000000082900000, 0x0000000082a00000, 0x0000000082a00000|100%| O|  |TAMS 0x0000000082900000| PB 0x0000000082900000| Untracked 
|  42|0x0000000082a00000, 0x0000000082b00000, 0x0000000082b00000|100%| O|  |TAMS 0x0000000082a00000| PB 0x0000000082a00000| Untracked 
|  43|0x0000000082b00000, 0x0000000082c00000, 0x0000000082c00000|100%| O|  |TAMS 0x0000000082b00000| PB 0x0000000082b00000| Untracked 
|  44|0x0000000082c00000, 0x0000000082d00000, 0x0000000082d00000|100%| O|  |TAMS 0x0000000082c00000| PB 0x0000000082c00000| Untracked 
|  45|0x0000000082d00000, 0x0000000082e00000, 0x0000000082e00000|100%| O|  |TAMS 0x0000000082d00000| PB 0x0000000082d00000| Untracked 
|  46|0x0000000082e00000, 0x0000000082f00000, 0x0000000082f00000|100%| O|  |TAMS 0x0000000082e00000| PB 0x0000000082e00000| Untracked 
|  47|0x0000000082f00000, 0x0000000083000000, 0x0000000083000000|100%| O|  |TAMS 0x0000000082f00000| PB 0x0000000082f00000| Untracked 
|  48|0x0000000083000000, 0x0000000083100000, 0x0000000083100000|100%| O|  |TAMS 0x0000000083000000| PB 0x0000000083000000| Untracked 
|  49|0x0000000083100000, 0x0000000083200000, 0x0000000083200000|100%|HS|  |TAMS 0x0000000083100000| PB 0x0000000083100000| Complete 
|  50|0x0000000083200000, 0x0000000083300000, 0x0000000083300000|100%|HS|  |TAMS 0x0000000083200000| PB 0x0000000083200000| Complete 
|  51|0x0000000083300000, 0x0000000083400000, 0x0000000083400000|100%| O|  |TAMS 0x0000000083300000| PB 0x0000000083300000| Untracked 
|  52|0x0000000083400000, 0x0000000083500000, 0x0000000083500000|100%|HS|  |TAMS 0x0000000083400000| PB 0x0000000083400000| Complete 
|  53|0x0000000083500000, 0x0000000083600000, 0x0000000083600000|100%|HS|  |TAMS 0x0000000083500000| PB 0x0000000083500000| Complete 
|  54|0x0000000083600000, 0x0000000083700000, 0x0000000083700000|100%| O|  |TAMS 0x0000000083600000| PB 0x0000000083600000| Untracked 
|  55|0x0000000083700000, 0x0000000083800000, 0x0000000083800000|100%| O|  |TAMS 0x0000000083700000| PB 0x0000000083700000| Untracked 
|  56|0x0000000083800000, 0x0000000083900000, 0x0000000083900000|100%| O|  |TAMS 0x0000000083800000| PB 0x0000000083800000| Untracked 
|  57|0x0000000083900000, 0x0000000083a00000, 0x0000000083a00000|100%| O|  |TAMS 0x0000000083900000| PB 0x0000000083900000| Untracked 
|  58|0x0000000083a00000, 0x0000000083b00000, 0x0000000083b00000|100%| O|  |TAMS 0x0000000083a00000| PB 0x0000000083a00000| Untracked 
|  59|0x0000000083b00000, 0x0000000083c00000, 0x0000000083c00000|100%| O|  |TAMS 0x0000000083b00000| PB 0x0000000083b00000| Untracked 
|  60|0x0000000083c00000, 0x0000000083d00000, 0x0000000083d00000|100%| O|  |TAMS 0x0000000083c00000| PB 0x0000000083c00000| Untracked 
|  61|0x0000000083d00000, 0x0000000083e00000, 0x0000000083e00000|100%| O|  |TAMS 0x0000000083d00000| PB 0x0000000083d00000| Untracked 
|  62|0x0000000083e00000, 0x0000000083f00000, 0x0000000083f00000|100%|HS|  |TAMS 0x0000000083e00000| PB 0x0000000083e00000| Complete 
|  63|0x0000000083f00000, 0x0000000084000000, 0x0000000084000000|100%| O|  |TAMS 0x0000000083f00000| PB 0x0000000083f00000| Untracked 
|  64|0x0000000084000000, 0x0000000084100000, 0x0000000084100000|100%| O|  |TAMS 0x0000000084000000| PB 0x0000000084000000| Untracked 
|  65|0x0000000084100000, 0x0000000084200000, 0x0000000084200000|100%| O|  |TAMS 0x0000000084100000| PB 0x0000000084100000| Untracked 
|  66|0x0000000084200000, 0x0000000084300000, 0x0000000084300000|100%| O|  |TAMS 0x0000000084200000| PB 0x0000000084200000| Untracked 
|  67|0x0000000084300000, 0x0000000084400000, 0x0000000084400000|100%| O|  |TAMS 0x0000000084300000| PB 0x0000000084300000| Untracked 
|  68|0x0000000084400000, 0x0000000084500000, 0x0000000084500000|100%| O|  |TAMS 0x0000000084400000| PB 0x0000000084400000| Untracked 
|  69|0x0000000084500000, 0x0000000084600000, 0x0000000084600000|100%| O|  |TAMS 0x0000000084500000| PB 0x0000000084500000| Untracked 
|  70|0x0000000084600000, 0x0000000084700000, 0x0000000084700000|100%| O|  |TAMS 0x0000000084600000| PB 0x0000000084600000| Untracked 
|  71|0x0000000084700000, 0x0000000084800000, 0x0000000084800000|100%| O|  |TAMS 0x0000000084700000| PB 0x0000000084700000| Untracked 
|  72|0x0000000084800000, 0x0000000084900000, 0x0000000084900000|100%| O|  |TAMS 0x0000000084800000| PB 0x0000000084800000| Untracked 
|  73|0x0000000084900000, 0x0000000084a00000, 0x0000000084a00000|100%| O|  |TAMS 0x0000000084900000| PB 0x0000000084900000| Untracked 
|  74|0x0000000084a00000, 0x0000000084b00000, 0x0000000084b00000|100%| O|  |TAMS 0x0000000084a00000| PB 0x0000000084a00000| Untracked 
|  75|0x0000000084b00000, 0x0000000084c00000, 0x0000000084c00000|100%| O|  |TAMS 0x0000000084b00000| PB 0x0000000084b00000| Untracked 
|  76|0x0000000084c00000, 0x0000000084d00000, 0x0000000084d00000|100%| O|  |TAMS 0x0000000084c00000| PB 0x0000000084c00000| Untracked 
|  77|0x0000000084d00000, 0x0000000084e00000, 0x0000000084e00000|100%| O|  |TAMS 0x0000000084d00000| PB 0x0000000084d00000| Untracked 
|  78|0x0000000084e00000, 0x0000000084f00000, 0x0000000084f00000|100%| O|  |TAMS 0x0000000084e00000| PB 0x0000000084e00000| Untracked 
|  79|0x0000000084f00000, 0x0000000085000000, 0x0000000085000000|100%| O|  |TAMS 0x0000000084f00000| PB 0x0000000084f00000| Untracked 
|  80|0x0000000085000000, 0x0000000085100000, 0x0000000085100000|100%| O|  |TAMS 0x0000000085000000| PB 0x0000000085000000| Untracked 
|  81|0x0000000085100000, 0x0000000085200000, 0x0000000085200000|100%| O|  |TAMS 0x0000000085100000| PB 0x0000000085100000| Untracked 
|  82|0x0000000085200000, 0x0000000085300000, 0x0000000085300000|100%| O|  |TAMS 0x0000000085200000| PB 0x0000000085200000| Untracked 
|  83|0x0000000085300000, 0x0000000085400000, 0x0000000085400000|100%| O|  |TAMS 0x0000000085300000| PB 0x0000000085300000| Untracked 
|  84|0x0000000085400000, 0x0000000085500000, 0x0000000085500000|100%| O|  |TAMS 0x0000000085400000| PB 0x0000000085400000| Untracked 
|  85|0x0000000085500000, 0x0000000085600000, 0x0000000085600000|100%| O|  |TAMS 0x0000000085500000| PB 0x0000000085500000| Untracked 
|  86|0x0000000085600000, 0x0000000085700000, 0x0000000085700000|100%| O|  |TAMS 0x0000000085600000| PB 0x0000000085600000| Untracked 
|  87|0x0000000085700000, 0x0000000085800000, 0x0000000085800000|100%| O|  |TAMS 0x0000000085700000| PB 0x0000000085700000| Untracked 
|  88|0x0000000085800000, 0x0000000085900000, 0x0000000085900000|100%| O|  |TAMS 0x0000000085800000| PB 0x0000000085800000| Untracked 
|  89|0x0000000085900000, 0x0000000085a00000, 0x0000000085a00000|100%| O|  |TAMS 0x0000000085900000| PB 0x0000000085900000| Untracked 
|  90|0x0000000085a00000, 0x0000000085b00000, 0x0000000085b00000|100%| O|  |TAMS 0x0000000085a00000| PB 0x0000000085a00000| Untracked 
|  91|0x0000000085b00000, 0x0000000085c00000, 0x0000000085c00000|100%| O|  |TAMS 0x0000000085b00000| PB 0x0000000085b00000| Untracked 
|  92|0x0000000085c00000, 0x0000000085d00000, 0x0000000085d00000|100%| O|  |TAMS 0x0000000085c00000| PB 0x0000000085c00000| Untracked 
|  93|0x0000000085d00000, 0x0000000085e00000, 0x0000000085e00000|100%| O|  |TAMS 0x0000000085d00000| PB 0x0000000085d00000| Untracked 
|  94|0x0000000085e00000, 0x0000000085f00000, 0x0000000085f00000|100%| O|  |TAMS 0x0000000085e00000| PB 0x0000000085e00000| Untracked 
|  95|0x0000000085f00000, 0x0000000086000000, 0x0000000086000000|100%| O|  |TAMS 0x0000000085f00000| PB 0x0000000085f00000| Untracked 
|  96|0x0000000086000000, 0x0000000086100000, 0x0000000086100000|100%| O|  |TAMS 0x0000000086000000| PB 0x0000000086000000| Untracked 
|  97|0x0000000086100000, 0x0000000086200000, 0x0000000086200000|100%| O|  |TAMS 0x0000000086100000| PB 0x0000000086100000| Untracked 
|  98|0x0000000086200000, 0x0000000086300000, 0x0000000086300000|100%| O|  |TAMS 0x0000000086200000| PB 0x0000000086200000| Untracked 
|  99|0x0000000086300000, 0x0000000086400000, 0x0000000086400000|100%| O|  |TAMS 0x0000000086300000| PB 0x0000000086300000| Untracked 
| 100|0x0000000086400000, 0x0000000086500000, 0x0000000086500000|100%| O|  |TAMS 0x0000000086400000| PB 0x0000000086400000| Untracked 
| 101|0x0000000086500000, 0x0000000086600000, 0x0000000086600000|100%| O|  |TAMS 0x0000000086500000| PB 0x0000000086500000| Untracked 
| 102|0x0000000086600000, 0x0000000086700000, 0x0000000086700000|100%| O|  |TAMS 0x0000000086600000| PB 0x0000000086600000| Untracked 
| 103|0x0000000086700000, 0x0000000086800000, 0x0000000086800000|100%| O|  |TAMS 0x0000000086700000| PB 0x0000000086700000| Untracked 
| 104|0x0000000086800000, 0x0000000086900000, 0x0000000086900000|100%| O|  |TAMS 0x0000000086800000| PB 0x0000000086800000| Untracked 
| 105|0x0000000086900000, 0x0000000086a00000, 0x0000000086a00000|100%| O|  |TAMS 0x0000000086900000| PB 0x0000000086900000| Untracked 
| 106|0x0000000086a00000, 0x0000000086b00000, 0x0000000086b00000|100%| O|  |TAMS 0x0000000086a00000| PB 0x0000000086a00000| Untracked 
| 107|0x0000000086b00000, 0x0000000086c00000, 0x0000000086c00000|100%| O|  |TAMS 0x0000000086b00000| PB 0x0000000086b00000| Untracked 
| 108|0x0000000086c00000, 0x0000000086d00000, 0x0000000086d00000|100%| O|  |TAMS 0x0000000086c00000| PB 0x0000000086c00000| Untracked 
| 109|0x0000000086d00000, 0x0000000086e00000, 0x0000000086e00000|100%|HS|  |TAMS 0x0000000086d00000| PB 0x0000000086d00000| Complete 
| 110|0x0000000086e00000, 0x0000000086f00000, 0x0000000086f00000|100%|HC|  |TAMS 0x0000000086e00000| PB 0x0000000086e00000| Complete 
| 111|0x0000000086f00000, 0x0000000087000000, 0x0000000087000000|100%| O|  |TAMS 0x0000000086f00000| PB 0x0000000086f00000| Untracked 
| 112|0x0000000087000000, 0x0000000087100000, 0x0000000087100000|100%| O|  |TAMS 0x0000000087000000| PB 0x0000000087000000| Untracked 
| 113|0x0000000087100000, 0x0000000087200000, 0x0000000087200000|100%| O|  |TAMS 0x0000000087100000| PB 0x0000000087100000| Untracked 
| 114|0x0000000087200000, 0x0000000087300000, 0x0000000087300000|100%| O|  |TAMS 0x0000000087200000| PB 0x0000000087200000| Untracked 
| 115|0x0000000087300000, 0x0000000087400000, 0x0000000087400000|100%| O|  |TAMS 0x0000000087300000| PB 0x0000000087300000| Untracked 
| 116|0x0000000087400000, 0x0000000087500000, 0x0000000087500000|100%| O|  |TAMS 0x0000000087400000| PB 0x0000000087400000| Untracked 
| 117|0x0000000087500000, 0x0000000087600000, 0x0000000087600000|100%| O|  |TAMS 0x0000000087500000| PB 0x0000000087500000| Untracked 
| 118|0x0000000087600000, 0x0000000087700000, 0x0000000087700000|100%| O|  |TAMS 0x0000000087600000| PB 0x0000000087600000| Untracked 
| 119|0x0000000087700000, 0x0000000087800000, 0x0000000087800000|100%| O|  |TAMS 0x0000000087700000| PB 0x0000000087700000| Untracked 
| 120|0x0000000087800000, 0x0000000087900000, 0x0000000087900000|100%| O|  |TAMS 0x0000000087800000| PB 0x0000000087800000| Untracked 
| 121|0x0000000087900000, 0x0000000087a00000, 0x0000000087a00000|100%| O|  |TAMS 0x0000000087900000| PB 0x0000000087900000| Untracked 
| 122|0x0000000087a00000, 0x0000000087b00000, 0x0000000087b00000|100%| O|  |TAMS 0x0000000087a00000| PB 0x0000000087a00000| Untracked 
| 123|0x0000000087b00000, 0x0000000087c00000, 0x0000000087c00000|100%| O|  |TAMS 0x0000000087b00000| PB 0x0000000087b00000| Untracked 
| 124|0x0000000087c00000, 0x0000000087d00000, 0x0000000087d00000|100%| O|  |TAMS 0x0000000087c00000| PB 0x0000000087c00000| Untracked 
| 125|0x0000000087d00000, 0x0000000087e00000, 0x0000000087e00000|100%| O|  |TAMS 0x0000000087d00000| PB 0x0000000087d00000| Untracked 
| 126|0x0000000087e00000, 0x0000000087f00000, 0x0000000087f00000|100%| O|  |TAMS 0x0000000087e00000| PB 0x0000000087e00000| Untracked 
| 127|0x0000000087f00000, 0x0000000088000000, 0x0000000088000000|100%| O|  |TAMS 0x0000000087f00000| PB 0x0000000087f00000| Untracked 
| 128|0x0000000088000000, 0x0000000088100000, 0x0000000088100000|100%| O|  |TAMS 0x0000000088000000| PB 0x0000000088000000| Untracked 
| 129|0x0000000088100000, 0x0000000088200000, 0x0000000088200000|100%| O|  |TAMS 0x0000000088100000| PB 0x0000000088100000| Untracked 
| 130|0x0000000088200000, 0x0000000088300000, 0x0000000088300000|100%| O|  |TAMS 0x0000000088200000| PB 0x0000000088200000| Untracked 
| 131|0x0000000088300000, 0x0000000088400000, 0x0000000088400000|100%| O|  |TAMS 0x0000000088300000| PB 0x0000000088300000| Untracked 
| 132|0x0000000088400000, 0x0000000088500000, 0x0000000088500000|100%| O|  |TAMS 0x0000000088400000| PB 0x0000000088400000| Untracked 
| 133|0x0000000088500000, 0x0000000088600000, 0x0000000088600000|100%| O|  |TAMS 0x0000000088500000| PB 0x0000000088500000| Untracked 
| 134|0x0000000088600000, 0x0000000088600000, 0x0000000088700000|  0%| F|  |TAMS 0x0000000088600000| PB 0x0000000088600000| Untracked 
| 135|0x0000000088700000, 0x0000000088800000, 0x0000000088800000|100%| O|  |TAMS 0x0000000088700000| PB 0x0000000088700000| Untracked 
| 136|0x0000000088800000, 0x0000000088900000, 0x0000000088900000|100%| O|  |TAMS 0x0000000088800000| PB 0x0000000088800000| Untracked 
| 137|0x0000000088900000, 0x00000000889ef090, 0x0000000088a00000| 93%| O|  |TAMS 0x0000000088900000| PB 0x0000000088900000| Untracked 
| 138|0x0000000088a00000, 0x0000000088a00000, 0x0000000088b00000|  0%| F|  |TAMS 0x0000000088a00000| PB 0x0000000088a00000| Untracked 
| 139|0x0000000088b00000, 0x0000000088b00000, 0x0000000088c00000|  0%| F|  |TAMS 0x0000000088b00000| PB 0x0000000088b00000| Untracked 
| 140|0x0000000088c00000, 0x0000000088c00000, 0x0000000088d00000|  0%| F|  |TAMS 0x0000000088c00000| PB 0x0000000088c00000| Untracked 
| 141|0x0000000088d00000, 0x0000000088d00000, 0x0000000088e00000|  0%| F|  |TAMS 0x0000000088d00000| PB 0x0000000088d00000| Untracked 
| 142|0x0000000088e00000, 0x0000000088e00000, 0x0000000088f00000|  0%| F|  |TAMS 0x0000000088e00000| PB 0x0000000088e00000| Untracked 
| 143|0x0000000088f00000, 0x0000000088f00000, 0x0000000089000000|  0%| F|  |TAMS 0x0000000088f00000| PB 0x0000000088f00000| Untracked 
| 144|0x0000000089000000, 0x0000000089000000, 0x0000000089100000|  0%| F|  |TAMS 0x0000000089000000| PB 0x0000000089000000| Untracked 
| 145|0x0000000089100000, 0x0000000089100000, 0x0000000089200000|  0%| F|  |TAMS 0x0000000089100000| PB 0x0000000089100000| Untracked 
| 146|0x0000000089200000, 0x0000000089200000, 0x0000000089300000|  0%| F|  |TAMS 0x0000000089200000| PB 0x0000000089200000| Untracked 
| 147|0x0000000089300000, 0x0000000089300000, 0x0000000089400000|  0%| F|  |TAMS 0x0000000089300000| PB 0x0000000089300000| Untracked 
| 148|0x0000000089400000, 0x0000000089400000, 0x0000000089500000|  0%| F|  |TAMS 0x0000000089400000| PB 0x0000000089400000| Untracked 
| 149|0x0000000089500000, 0x0000000089500000, 0x0000000089600000|  0%| F|  |TAMS 0x0000000089500000| PB 0x0000000089500000| Untracked 
| 150|0x0000000089600000, 0x0000000089600000, 0x0000000089700000|  0%| F|  |TAMS 0x0000000089600000| PB 0x0000000089600000| Untracked 
| 151|0x0000000089700000, 0x0000000089700000, 0x0000000089800000|  0%| F|  |TAMS 0x0000000089700000| PB 0x0000000089700000| Untracked 
| 152|0x0000000089800000, 0x0000000089800000, 0x0000000089900000|  0%| F|  |TAMS 0x0000000089800000| PB 0x0000000089800000| Untracked 
| 153|0x0000000089900000, 0x00000000899bfc48, 0x0000000089a00000| 74%| S|CS|TAMS 0x0000000089900000| PB 0x0000000089900000| Complete 
| 154|0x0000000089a00000, 0x0000000089b00000, 0x0000000089b00000|100%| S|CS|TAMS 0x0000000089a00000| PB 0x0000000089a00000| Complete 
| 155|0x0000000089b00000, 0x0000000089c00000, 0x0000000089c00000|100%| S|CS|TAMS 0x0000000089b00000| PB 0x0000000089b00000| Complete 
| 156|0x0000000089c00000, 0x0000000089d00000, 0x0000000089d00000|100%| S|CS|TAMS 0x0000000089c00000| PB 0x0000000089c00000| Complete 
| 157|0x0000000089d00000, 0x0000000089d00000, 0x0000000089e00000|  0%| F|  |TAMS 0x0000000089d00000| PB 0x0000000089d00000| Untracked 
| 158|0x0000000089e00000, 0x0000000089e00000, 0x0000000089f00000|  0%| F|  |TAMS 0x0000000089e00000| PB 0x0000000089e00000| Untracked 
| 159|0x0000000089f00000, 0x0000000089f00000, 0x000000008a000000|  0%| F|  |TAMS 0x0000000089f00000| PB 0x0000000089f00000| Untracked 
| 160|0x000000008a000000, 0x000000008a000000, 0x000000008a100000|  0%| F|  |TAMS 0x000000008a000000| PB 0x000000008a000000| Untracked 
| 161|0x000000008a100000, 0x000000008a100000, 0x000000008a200000|  0%| F|  |TAMS 0x000000008a100000| PB 0x000000008a100000| Untracked 
| 162|0x000000008a200000, 0x000000008a200000, 0x000000008a300000|  0%| F|  |TAMS 0x000000008a200000| PB 0x000000008a200000| Untracked 
| 163|0x000000008a300000, 0x000000008a300000, 0x000000008a400000|  0%| F|  |TAMS 0x000000008a300000| PB 0x000000008a300000| Untracked 
| 164|0x000000008a400000, 0x000000008a400000, 0x000000008a500000|  0%| F|  |TAMS 0x000000008a400000| PB 0x000000008a400000| Untracked 
| 165|0x000000008a500000, 0x000000008a500000, 0x000000008a600000|  0%| F|  |TAMS 0x000000008a500000| PB 0x000000008a500000| Untracked 
| 166|0x000000008a600000, 0x000000008a600000, 0x000000008a700000|  0%| F|  |TAMS 0x000000008a600000| PB 0x000000008a600000| Untracked 
| 167|0x000000008a700000, 0x000000008a700000, 0x000000008a800000|  0%| F|  |TAMS 0x000000008a700000| PB 0x000000008a700000| Untracked 
| 168|0x000000008a800000, 0x000000008a800000, 0x000000008a900000|  0%| F|  |TAMS 0x000000008a800000| PB 0x000000008a800000| Untracked 
| 169|0x000000008a900000, 0x000000008a900000, 0x000000008aa00000|  0%| F|  |TAMS 0x000000008a900000| PB 0x000000008a900000| Untracked 
| 170|0x000000008aa00000, 0x000000008aa00000, 0x000000008ab00000|  0%| F|  |TAMS 0x000000008aa00000| PB 0x000000008aa00000| Untracked 
| 171|0x000000008ab00000, 0x000000008ab00000, 0x000000008ac00000|  0%| F|  |TAMS 0x000000008ab00000| PB 0x000000008ab00000| Untracked 
| 172|0x000000008ac00000, 0x000000008ac00000, 0x000000008ad00000|  0%| F|  |TAMS 0x000000008ac00000| PB 0x000000008ac00000| Untracked 
| 173|0x000000008ad00000, 0x000000008ad00000, 0x000000008ae00000|  0%| F|  |TAMS 0x000000008ad00000| PB 0x000000008ad00000| Untracked 
| 174|0x000000008ae00000, 0x000000008ae00000, 0x000000008af00000|  0%| F|  |TAMS 0x000000008ae00000| PB 0x000000008ae00000| Untracked 
| 175|0x000000008af00000, 0x000000008af00000, 0x000000008b000000|  0%| F|  |TAMS 0x000000008af00000| PB 0x000000008af00000| Untracked 
| 176|0x000000008b000000, 0x000000008b000000, 0x000000008b100000|  0%| F|  |TAMS 0x000000008b000000| PB 0x000000008b000000| Untracked 
| 177|0x000000008b100000, 0x000000008b100000, 0x000000008b200000|  0%| F|  |TAMS 0x000000008b100000| PB 0x000000008b100000| Untracked 
| 178|0x000000008b200000, 0x000000008b200000, 0x000000008b300000|  0%| F|  |TAMS 0x000000008b200000| PB 0x000000008b200000| Untracked 
| 179|0x000000008b300000, 0x000000008b300000, 0x000000008b400000|  0%| F|  |TAMS 0x000000008b300000| PB 0x000000008b300000| Untracked 
| 180|0x000000008b400000, 0x000000008b400000, 0x000000008b500000|  0%| F|  |TAMS 0x000000008b400000| PB 0x000000008b400000| Untracked 
| 181|0x000000008b500000, 0x000000008b500000, 0x000000008b600000|  0%| F|  |TAMS 0x000000008b500000| PB 0x000000008b500000| Untracked 
| 182|0x000000008b600000, 0x000000008b600000, 0x000000008b700000|  0%| F|  |TAMS 0x000000008b600000| PB 0x000000008b600000| Untracked 
| 183|0x000000008b700000, 0x000000008b700000, 0x000000008b800000|  0%| F|  |TAMS 0x000000008b700000| PB 0x000000008b700000| Untracked 
| 184|0x000000008b800000, 0x000000008b800000, 0x000000008b900000|  0%| F|  |TAMS 0x000000008b800000| PB 0x000000008b800000| Untracked 
| 185|0x000000008b900000, 0x000000008b900000, 0x000000008ba00000|  0%| F|  |TAMS 0x000000008b900000| PB 0x000000008b900000| Untracked 
| 186|0x000000008ba00000, 0x000000008ba00000, 0x000000008bb00000|  0%| F|  |TAMS 0x000000008ba00000| PB 0x000000008ba00000| Untracked 
| 187|0x000000008bb00000, 0x000000008bb00000, 0x000000008bc00000|  0%| F|  |TAMS 0x000000008bb00000| PB 0x000000008bb00000| Untracked 
| 188|0x000000008bc00000, 0x000000008bcbb330, 0x000000008bd00000| 73%| E|  |TAMS 0x000000008bc00000| PB 0x000000008bc00000| Complete 
| 189|0x000000008bd00000, 0x000000008be00000, 0x000000008be00000|100%| E|CS|TAMS 0x000000008bd00000| PB 0x000000008bd00000| Complete 
| 190|0x000000008be00000, 0x000000008bf00000, 0x000000008bf00000|100%| E|CS|TAMS 0x000000008be00000| PB 0x000000008be00000| Complete 
| 191|0x000000008bf00000, 0x000000008c000000, 0x000000008c000000|100%| E|CS|TAMS 0x000000008bf00000| PB 0x000000008bf00000| Complete 
| 192|0x000000008c000000, 0x000000008c100000, 0x000000008c100000|100%| E|CS|TAMS 0x000000008c000000| PB 0x000000008c000000| Complete 
| 193|0x000000008c100000, 0x000000008c200000, 0x000000008c200000|100%| E|CS|TAMS 0x000000008c100000| PB 0x000000008c100000| Complete 
| 194|0x000000008c200000, 0x000000008c300000, 0x000000008c300000|100%| E|CS|TAMS 0x000000008c200000| PB 0x000000008c200000| Complete 
| 195|0x000000008c300000, 0x000000008c400000, 0x000000008c400000|100%| E|CS|TAMS 0x000000008c300000| PB 0x000000008c300000| Complete 
| 196|0x000000008c400000, 0x000000008c500000, 0x000000008c500000|100%| E|CS|TAMS 0x000000008c400000| PB 0x000000008c400000| Complete 
| 197|0x000000008c500000, 0x000000008c600000, 0x000000008c600000|100%| E|CS|TAMS 0x000000008c500000| PB 0x000000008c500000| Complete 
| 198|0x000000008c600000, 0x000000008c700000, 0x000000008c700000|100%| E|CS|TAMS 0x000000008c600000| PB 0x000000008c600000| Complete 
| 199|0x000000008c700000, 0x000000008c800000, 0x000000008c800000|100%| E|CS|TAMS 0x000000008c700000| PB 0x000000008c700000| Complete 
| 200|0x000000008c800000, 0x000000008c900000, 0x000000008c900000|100%| E|CS|TAMS 0x000000008c800000| PB 0x000000008c800000| Complete 
| 201|0x000000008c900000, 0x000000008ca00000, 0x000000008ca00000|100%| E|CS|TAMS 0x000000008c900000| PB 0x000000008c900000| Complete 
| 202|0x000000008ca00000, 0x000000008cb00000, 0x000000008cb00000|100%| E|CS|TAMS 0x000000008ca00000| PB 0x000000008ca00000| Complete 
| 203|0x000000008cb00000, 0x000000008cc00000, 0x000000008cc00000|100%| E|CS|TAMS 0x000000008cb00000| PB 0x000000008cb00000| Complete 
| 204|0x000000008cc00000, 0x000000008cd00000, 0x000000008cd00000|100%| E|CS|TAMS 0x000000008cc00000| PB 0x000000008cc00000| Complete 
| 205|0x000000008cd00000, 0x000000008ce00000, 0x000000008ce00000|100%| E|CS|TAMS 0x000000008cd00000| PB 0x000000008cd00000| Complete 
| 206|0x000000008ce00000, 0x000000008cf00000, 0x000000008cf00000|100%| E|CS|TAMS 0x000000008ce00000| PB 0x000000008ce00000| Complete 
| 207|0x000000008cf00000, 0x000000008d000000, 0x000000008d000000|100%| E|CS|TAMS 0x000000008cf00000| PB 0x000000008cf00000| Complete 
| 208|0x000000008d000000, 0x000000008d100000, 0x000000008d100000|100%| E|CS|TAMS 0x000000008d000000| PB 0x000000008d000000| Complete 
| 227|0x000000008e300000, 0x000000008e400000, 0x000000008e400000|100%| E|CS|TAMS 0x000000008e300000| PB 0x000000008e300000| Complete 
| 228|0x000000008e400000, 0x000000008e500000, 0x000000008e500000|100%| E|CS|TAMS 0x000000008e400000| PB 0x000000008e400000| Complete 
| 229|0x000000008e500000, 0x000000008e600000, 0x000000008e600000|100%| E|CS|TAMS 0x000000008e500000| PB 0x000000008e500000| Complete 
| 230|0x000000008e600000, 0x000000008e700000, 0x000000008e700000|100%| E|CS|TAMS 0x000000008e600000| PB 0x000000008e600000| Complete 
| 231|0x000000008e700000, 0x000000008e800000, 0x000000008e800000|100%| E|CS|TAMS 0x000000008e700000| PB 0x000000008e700000| Complete 
| 232|0x000000008e800000, 0x000000008e900000, 0x000000008e900000|100%| E|CS|TAMS 0x000000008e800000| PB 0x000000008e800000| Complete 
| 233|0x000000008e900000, 0x000000008ea00000, 0x000000008ea00000|100%| E|CS|TAMS 0x000000008e900000| PB 0x000000008e900000| Complete 
| 234|0x000000008ea00000, 0x000000008eb00000, 0x000000008eb00000|100%| E|CS|TAMS 0x000000008ea00000| PB 0x000000008ea00000| Complete 
| 254|0x000000008fe00000, 0x000000008ff00000, 0x000000008ff00000|100%| E|CS|TAMS 0x000000008fe00000| PB 0x000000008fe00000| Complete 
| 255|0x000000008ff00000, 0x0000000090000000, 0x0000000090000000|100%| E|CS|TAMS 0x000000008ff00000| PB 0x000000008ff00000| Complete 
|2038|0x00000000ff600000, 0x00000000ff700000, 0x00000000ff700000|100%| E|CS|TAMS 0x00000000ff600000| PB 0x00000000ff600000| Complete 
|2039|0x00000000ff700000, 0x00000000ff800000, 0x00000000ff800000|100%| E|CS|TAMS 0x00000000ff700000| PB 0x00000000ff700000| Complete 
|2040|0x00000000ff800000, 0x00000000ff900000, 0x00000000ff900000|100%| O|  |TAMS 0x00000000ff800000| PB 0x00000000ff800000| Untracked 
|2041|0x00000000ff900000, 0x00000000ffa00000, 0x00000000ffa00000|100%| O|  |TAMS 0x00000000ff900000| PB 0x00000000ff900000| Untracked 
|2042|0x00000000ffa00000, 0x00000000ffb00000, 0x00000000ffb00000|100%| O|  |TAMS 0x00000000ffa00000| PB 0x00000000ffa00000| Untracked 
|2043|0x00000000ffb00000, 0x00000000ffc00000, 0x00000000ffc00000|100%| E|CS|TAMS 0x00000000ffb00000| PB 0x00000000ffb00000| Complete 
|2044|0x00000000ffc00000, 0x00000000ffd00000, 0x00000000ffd00000|100%| E|CS|TAMS 0x00000000ffc00000| PB 0x00000000ffc00000| Complete 
|2045|0x00000000ffd00000, 0x00000000ffe00000, 0x00000000ffe00000|100%| E|CS|TAMS 0x00000000ffd00000| PB 0x00000000ffd00000| Complete 
|2046|0x00000000ffe00000, 0x00000000fff00000, 0x00000000fff00000|100%| O|  |TAMS 0x00000000ffe00000| PB 0x00000000ffe00000| Untracked 
|2047|0x00000000fff00000, 0x0000000100000000, 0x0000000100000000|100%| O|  |TAMS 0x00000000fff00000| PB 0x00000000fff00000| Untracked 

Card table byte_map: [0x000002416a600000,0x000002416aa00000] _byte_map_base: 0x000002416a200000

Marking Bits: (CMBitMap*) 0x0000024157dd35f0
 Bits: [0x000002416aa00000, 0x000002416ca00000)

Polling page: 0x0000024155a50000

Metaspace:

Usage:
  Non-class:     98.53 MB used.
      Class:     15.82 MB used.
       Both:    114.35 MB used.

Virtual space:
  Non-class space:      128.00 MB reserved,      99.62 MB ( 78%) committed,  2 nodes.
      Class space:        1.00 GB reserved,      16.88 MB (  2%) committed,  1 nodes.
             Both:        1.12 GB reserved,     116.50 MB ( 10%) committed. 

Chunk freelists:
   Non-Class:  11.97 MB
       Class:  15.14 MB
        Both:  27.11 MB

MaxMetaspaceSize: unlimited
CompressedClassSpaceSize: 1.00 GB
Initial GC threshold: 21.00 MB
Current GC threshold: 186.56 MB
CDS: off
 - commit_granule_bytes: 65536.
 - commit_granule_words: 8192.
 - virtual_space_node_default_size: 8388608.
 - enlarge_chunks_in_place: 1.
 - use_allocation_guard: 0.


Internal statistics:

num_allocs_failed_limit: 9.
num_arena_births: 4360.
num_arena_deaths: 0.
num_vsnodes_births: 3.
num_vsnodes_deaths: 0.
num_space_committed: 1859.
num_space_uncommitted: 0.
num_chunks_returned_to_freelist: 9.
num_chunks_taken_from_freelist: 9378.
num_chunk_merges: 9.
num_chunk_splits: 6125.
num_chunks_enlarged: 3793.
num_inconsistent_stats: 0.

CodeHeap 'non-profiled nmethods': size=120000Kb used=8104Kb max_used=8104Kb free=111895Kb
 bounds [0x00000241629a0000, 0x0000024163190000, 0x0000024169ed0000]
CodeHeap 'profiled nmethods': size=120000Kb used=24677Kb max_used=24677Kb free=95322Kb
 bounds [0x000002415aed0000, 0x000002415c6f0000, 0x0000024162400000]
CodeHeap 'non-nmethods': size=5760Kb used=2890Kb max_used=3038Kb free=2870Kb
 bounds [0x0000024162400000, 0x0000024162700000, 0x00000241629a0000]
CodeCache: size=245760Kb, used=35671Kb, max_used=35819Kb, free=210087Kb
 total_blobs=13715, nmethods=12711, adapters=907, full_count=0
Compilation: enabled, stopped_count=0, restarted_count=0

Compilation events (20 events):
Event: 25.471 Thread 0x000002416f5bab70 nmethod 13757 0x000002416317c310 code [0x000002416317c4c0, 0x000002416317c5f0]
Event: 25.471 Thread 0x000002416f5bab70 14916       4       java.lang.String::substring (58 bytes)
Event: 25.472 Thread 0x000002416f5c6400 nmethod 14915 0x000002415c6a6210 code [0x000002415c6a6900, 0x000002415c6aa4c0]
Event: 25.472 Thread 0x000002416f5c6400 14913       2       java.lang.Character::hashCode (2 bytes)
Event: 25.472 Thread 0x000002416f5c6400 nmethod 14913 0x000002415c6ab510 code [0x000002415c6ab6a0, 0x000002415c6ab788]
Event: 25.472 Thread 0x000002416f5c6400 14909       2       kotlin.text.StringsKt__StringsKt::startsWith$default (15 bytes)
Event: 25.472 Thread 0x000002416f5c6400 nmethod 14909 0x000002415c6ab810 code [0x000002415c6ab9c0, 0x000002415c6abad0]
Event: 25.472 Thread 0x000002416f5c6400 14817       3       com.android.aapt.Resources$Value$Builder::setItem (47 bytes)
Event: 25.473 Thread 0x000002416f5c6400 nmethod 14817 0x000002415c6abb90 code [0x000002415c6abd80, 0x000002415c6ac1f8]
Event: 25.473 Thread 0x000002416f5c6400 14850       2       com.android.aaptcompiler.TableExtractor::parseStyleItem (188 bytes)
Event: 25.475 Thread 0x000002416f5c6400 nmethod 14850 0x000002415c6ac390 code [0x000002415c6ac700, 0x000002415c6ad3c8]
Event: 25.475 Thread 0x000002416f5c6400 14918       2       com.sun.xml.internal.stream.events.StartElementEvent::getNamespaceURI (46 bytes)
Event: 25.475 Thread 0x000002416f5c6400 nmethod 14918 0x000002415c6adc10 code [0x000002415c6adde0, 0x000002415c6adff0]
Event: 25.475 Thread 0x000002416f5c6400 14919       2       com.sun.xml.internal.stream.events.StartElementEvent::getNamespace (8 bytes)
Event: 25.476 Thread 0x000002416f5c6400 nmethod 14919 0x000002415c6ae190 code [0x000002415c6ae320, 0x000002415c6ae430]
Event: 25.476 Thread 0x000002416f5c6400 14920       2       com.sun.org.apache.xerces.internal.util.NamespaceContextWrapper::getNamespaceURI (28 bytes)
Event: 25.476 Thread 0x000002416f5c6400 nmethod 14920 0x000002415c6ae510 code [0x000002415c6ae6e0, 0x000002415c6ae940]
Event: 25.476 Thread 0x000002416f5c6400 14851       2       com.android.aaptcompiler.Style$Entry::<init> (21 bytes)
Event: 25.476 Thread 0x000002416f5c6400 nmethod 14851 0x000002415c6aea90 code [0x000002415c6aec80, 0x000002415c6af008]
Event: 25.476 Thread 0x000002416f5c6400 14849       2       com.android.aaptcompiler.ResourceUtilsKt::parseResourceName (141 bytes)

GC Heap History (20 events):
Event: 17.646 GC heap before
{Heap before GC invocations=34 (full 0):
 garbage-first heap   total 143360K, used 118331K [0x0000000080000000, 0x0000000100000000)
  region size 1024K, 39 young (39936K), 6 survivors (6144K)
 Metaspace       used 102012K, committed 104128K, reserved 1179648K
  class space    used 14498K, committed 15552K, reserved 1048576K
}
Event: 17.653 GC heap after
{Heap after GC invocations=35 (full 0):
 garbage-first heap   total 143360K, used 85746K [0x0000000080000000, 0x0000000100000000)
  region size 1024K, 4 young (4096K), 4 survivors (4096K)
 Metaspace       used 102012K, committed 104128K, reserved 1179648K
  class space    used 14498K, committed 15552K, reserved 1048576K
}
Event: 18.392 GC heap before
{Heap before GC invocations=35 (full 0):
 garbage-first heap   total 143360K, used 130802K [0x0000000080000000, 0x0000000100000000)
  region size 1024K, 48 young (49152K), 4 survivors (4096K)
 Metaspace       used 105804K, committed 107904K, reserved 1179648K
  class space    used 15011K, committed 16064K, reserved 1048576K
}
Event: 18.400 GC heap after
{Heap after GC invocations=36 (full 0):
 garbage-first heap   total 172032K, used 87931K [0x0000000080000000, 0x0000000100000000)
  region size 1024K, 5 young (5120K), 5 survivors (5120K)
 Metaspace       used 105804K, committed 107904K, reserved 1179648K
  class space    used 15011K, committed 16064K, reserved 1048576K
}
Event: 19.479 GC heap before
{Heap before GC invocations=36 (full 0):
 garbage-first heap   total 172032K, used 152443K [0x0000000080000000, 0x0000000100000000)
  region size 1024K, 68 young (69632K), 5 survivors (5120K)
 Metaspace       used 108213K, committed 110464K, reserved 1179648K
  class space    used 15412K, committed 16512K, reserved 1048576K
}
Event: 19.493 GC heap after
{Heap after GC invocations=37 (full 0):
 garbage-first heap   total 172032K, used 97002K [0x0000000080000000, 0x0000000100000000)
  region size 1024K, 9 young (9216K), 9 survivors (9216K)
 Metaspace       used 108213K, committed 110464K, reserved 1179648K
  class space    used 15412K, committed 16512K, reserved 1048576K
}
Event: 20.131 GC heap before
{Heap before GC invocations=37 (full 0):
 garbage-first heap   total 172032K, used 152298K [0x0000000080000000, 0x0000000100000000)
  region size 1024K, 64 young (65536K), 9 survivors (9216K)
 Metaspace       used 108457K, committed 110656K, reserved 1179648K
  class space    used 15425K, committed 16512K, reserved 1048576K
}
Event: 20.147 GC heap after
{Heap after GC invocations=38 (full 0):
 garbage-first heap   total 172032K, used 104298K [0x0000000080000000, 0x0000000100000000)
  region size 1024K, 7 young (7168K), 7 survivors (7168K)
 Metaspace       used 108457K, committed 110656K, reserved 1179648K
  class space    used 15425K, committed 16512K, reserved 1048576K
}
Event: 20.373 GC heap before
{Heap before GC invocations=38 (full 0):
 garbage-first heap   total 172032K, used 115562K [0x0000000080000000, 0x0000000100000000)
  region size 1024K, 20 young (20480K), 7 survivors (7168K)
 Metaspace       used 108796K, committed 110976K, reserved 1179648K
  class space    used 15481K, committed 16576K, reserved 1048576K
}
Event: 20.383 GC heap after
{Heap after GC invocations=39 (full 0):
 garbage-first heap   total 172032K, used 105941K [0x0000000080000000, 0x0000000100000000)
  region size 1024K, 3 young (3072K), 3 survivors (3072K)
 Metaspace       used 108796K, committed 110976K, reserved 1179648K
  class space    used 15481K, committed 16576K, reserved 1048576K
}
Event: 21.611 GC heap before
{Heap before GC invocations=40 (full 0):
 garbage-first heap   total 186368K, used 167381K [0x0000000080000000, 0x0000000100000000)
  region size 1024K, 50 young (51200K), 3 survivors (3072K)
 Metaspace       used 111579K, committed 113728K, reserved 1179648K
  class space    used 15681K, committed 16704K, reserved 1048576K
}
Event: 21.629 GC heap after
{Heap after GC invocations=41 (full 0):
 garbage-first heap   total 190464K, used 126506K [0x0000000080000000, 0x0000000100000000)
  region size 1024K, 7 young (7168K), 7 survivors (7168K)
 Metaspace       used 111579K, committed 113728K, reserved 1179648K
  class space    used 15681K, committed 16704K, reserved 1048576K
}
Event: 22.901 GC heap before
{Heap before GC invocations=41 (full 0):
 garbage-first heap   total 190464K, used 168490K [0x0000000080000000, 0x0000000100000000)
  region size 1024K, 42 young (43008K), 7 survivors (7168K)
 Metaspace       used 112239K, committed 114432K, reserved 1179648K
  class space    used 15747K, committed 16832K, reserved 1048576K
}
Event: 22.921 GC heap after
{Heap after GC invocations=42 (full 0):
 garbage-first heap   total 190464K, used 134419K [0x0000000080000000, 0x0000000100000000)
  region size 1024K, 6 young (6144K), 6 survivors (6144K)
 Metaspace       used 112239K, committed 114432K, reserved 1179648K
  class space    used 15747K, committed 16832K, reserved 1048576K
}
Event: 23.740 GC heap before
{Heap before GC invocations=42 (full 0):
 garbage-first heap   total 190464K, used 165139K [0x0000000080000000, 0x0000000100000000)
  region size 1024K, 36 young (36864K), 6 survivors (6144K)
 Metaspace       used 112370K, committed 114624K, reserved 1179648K
  class space    used 15754K, committed 16832K, reserved 1048576K
}
Event: 23.751 GC heap after
{Heap after GC invocations=43 (full 0):
 garbage-first heap   total 229376K, used 139430K [0x0000000080000000, 0x0000000100000000)
  region size 1024K, 4 young (4096K), 4 survivors (4096K)
 Metaspace       used 112370K, committed 114624K, reserved 1179648K
  class space    used 15754K, committed 16832K, reserved 1048576K
}
Event: 24.747 GC heap before
{Heap before GC invocations=44 (full 0):
 garbage-first heap   total 234496K, used 210086K [0x0000000080000000, 0x0000000100000000)
  region size 1024K, 59 young (60416K), 4 survivors (4096K)
 Metaspace       used 114237K, committed 116480K, reserved 1179648K
  class space    used 15907K, committed 17024K, reserved 1048576K
}
Event: 24.756 GC heap after
{Heap after GC invocations=45 (full 0):
 garbage-first heap   total 234496K, used 146619K [0x0000000080000000, 0x0000000100000000)
  region size 1024K, 8 young (8192K), 8 survivors (8192K)
 Metaspace       used 114237K, committed 116480K, reserved 1179648K
  class space    used 15907K, committed 17024K, reserved 1048576K
}
Event: 25.410 GC heap before
{Heap before GC invocations=45 (full 0):
 garbage-first heap   total 234496K, used 202939K [0x0000000080000000, 0x0000000100000000)
  region size 1024K, 64 young (65536K), 8 survivors (8192K)
 Metaspace       used 116585K, committed 118784K, reserved 1179648K
  class space    used 16141K, committed 17216K, reserved 1048576K
}
Event: 25.422 GC heap after
{Heap after GC invocations=46 (full 0):
 garbage-first heap   total 234496K, used 149179K [0x0000000080000000, 0x0000000100000000)
  region size 1024K, 4 young (4096K), 4 survivors (4096K)
 Metaspace       used 116585K, committed 118784K, reserved 1179648K
  class space    used 16141K, committed 17216K, reserved 1048576K
}

Dll operation events (3 events):
Event: 0.011 Loaded shared library C:\Program Files\Android\Android Studio\jbr\bin\java.dll
Event: 0.018 Loaded shared library C:\Program Files\Android\Android Studio\jbr\bin\zip.dll
Event: 0.730 Loaded shared library C:\Program Files\Android\Android Studio\jbr\bin\verify.dll

Deoptimization events (20 events):
Event: 25.307 Thread 0x0000024178826300 DEOPT UNPACKING pc=0x0000024162454e42 sp=0x00000051bb2fcc30 mode 0
Event: 25.311 Thread 0x0000024178826990 DEOPT PACKING pc=0x000002415c606ea2 sp=0x00000051bb3fd6e0
Event: 25.311 Thread 0x0000024178826990 DEOPT UNPACKING pc=0x0000024162454e42 sp=0x00000051bb3fcb80 mode 0
Event: 25.323 Thread 0x000002417882ab30 DEOPT PACKING pc=0x000002415c606ea2 sp=0x00000051bb4fd4e0
Event: 25.323 Thread 0x000002417882ab30 DEOPT UNPACKING pc=0x0000024162454e42 sp=0x00000051bb4fc980 mode 0
Event: 25.333 Thread 0x0000024178826990 DEOPT PACKING pc=0x000002415c606ea2 sp=0x00000051bb3fd9d0
Event: 25.333 Thread 0x0000024178826990 DEOPT UNPACKING pc=0x0000024162454e42 sp=0x00000051bb3fce70 mode 0
Event: 25.339 Thread 0x000002417882b1c0 DEOPT PACKING pc=0x000002415c606ea2 sp=0x00000051bb5fdbd0
Event: 25.339 Thread 0x000002417882b1c0 DEOPT UNPACKING pc=0x0000024162454e42 sp=0x00000051bb5fd070 mode 0
Event: 25.342 Thread 0x0000024178829780 DEOPT PACKING pc=0x000002415c606ea2 sp=0x00000051bb1fd5a0
Event: 25.342 Thread 0x0000024178829780 DEOPT UNPACKING pc=0x0000024162454e42 sp=0x00000051bb1fca40 mode 0
Event: 25.346 Thread 0x0000024178826300 DEOPT PACKING pc=0x000002415c606ea2 sp=0x00000051bb2fd790
Event: 25.346 Thread 0x0000024178826300 DEOPT UNPACKING pc=0x0000024162454e42 sp=0x00000051bb2fcc30 mode 0
Event: 25.350 Thread 0x000002417882b850 DEOPT PACKING pc=0x000002415c606ea2 sp=0x00000051bb6fdc30
Event: 25.350 Thread 0x000002417882b850 DEOPT UNPACKING pc=0x0000024162454e42 sp=0x00000051bb6fd0d0 mode 0
Event: 25.351 Thread 0x000002417882b850 Uncommon trap: trap_request=0xffffff45 fr.pc=0x0000024163168df0 relative=0x0000000000000590
Event: 25.351 Thread 0x000002417882b850 Uncommon trap: reason=unstable_if action=reinterpret pc=0x0000024163168df0 method=com.sun.org.apache.xerces.internal.impl.io.UTF8Reader.read([CII)I @ 399 c2
Event: 25.351 Thread 0x000002417882b850 DEOPT PACKING pc=0x0000024163168df0 sp=0x00000051bb6fdca0
Event: 25.351 Thread 0x000002417882b850 DEOPT UNPACKING pc=0x00000241624546a2 sp=0x00000051bb6fdbd0 mode 2
Event: 25.539 Thread 0x000002417882ab30 Uncommon trap: trap_request=0xffffff45 fr.pc=0x000002416316f004 relative=0x0000000000000b04

Classes loaded (20 events):
Event: 24.594 Loading class com/sun/org/apache/xerces/internal/util/NamespaceSupport$Prefixes
Event: 24.594 Loading class com/sun/org/apache/xerces/internal/util/NamespaceSupport$Prefixes done
Event: 24.594 Loading class com/sun/xml/internal/stream/events/CharacterEvent
Event: 24.595 Loading class javax/xml/stream/events/Characters
Event: 24.595 Loading class javax/xml/stream/events/Characters done
Event: 24.595 Loading class com/sun/xml/internal/stream/events/CharacterEvent done
Event: 24.604 Loading class java/util/Spliterators$2Adapter
Event: 24.605 Loading class java/util/Spliterators$2Adapter done
Event: 24.605 Loading class com/sun/xml/internal/stream/events/EndElementEvent
Event: 24.605 Loading class javax/xml/stream/events/EndElement
Event: 24.605 Loading class javax/xml/stream/events/EndElement done
Event: 24.605 Loading class com/sun/xml/internal/stream/events/EndElementEvent done
Event: 24.608 Loading class java/lang/StringUTF16$CodePointsSpliterator
Event: 24.609 Loading class java/lang/StringUTF16$CodePointsSpliterator done
Event: 24.786 Loading class java/nio/file/StandardCopyOption
Event: 24.786 Loading class java/nio/file/StandardCopyOption done
Event: 24.786 Loading class sun/nio/fs/WindowsFileCopy
Event: 24.787 Loading class sun/nio/fs/WindowsFileCopy done
Event: 25.031 Loading class java/nio/charset/UnsupportedCharsetException
Event: 25.031 Loading class java/nio/charset/UnsupportedCharsetException done

Classes unloaded (0 events):
No events

Classes redefined (0 events):
No events

Internal exceptions (20 events):
Event: 25.068 Thread 0x000002417982b6b0 Exception <a 'sun/nio/fs/WindowsException'{0x000000008caa9ca8}> (0x000000008caa9ca8) 
thrown [s\src\hotspot\share\prims\jni.cpp, line 537]
Event: 25.080 Thread 0x000002417982b6b0 Exception <a 'sun/nio/fs/WindowsException'{0x000000008caab168}> (0x000000008caab168) 
thrown [s\src\hotspot\share\prims\jni.cpp, line 537]
Event: 25.083 Thread 0x000002417982b6b0 Exception <a 'sun/nio/fs/WindowsException'{0x000000008caac560}> (0x000000008caac560) 
thrown [s\src\hotspot\share\prims\jni.cpp, line 537]
Event: 25.086 Thread 0x000002417982b6b0 Exception <a 'sun/nio/fs/WindowsException'{0x000000008caad938}> (0x000000008caad938) 
thrown [s\src\hotspot\share\prims\jni.cpp, line 537]
Event: 25.088 Thread 0x000002417982b6b0 Exception <a 'sun/nio/fs/WindowsException'{0x000000008caaecc8}> (0x000000008caaecc8) 
thrown [s\src\hotspot\share\prims\jni.cpp, line 537]
Event: 25.092 Thread 0x000002417982b6b0 Exception <a 'sun/nio/fs/WindowsException'{0x000000008cab0088}> (0x000000008cab0088) 
thrown [s\src\hotspot\share\prims\jni.cpp, line 537]
Event: 25.098 Thread 0x000002417982b6b0 Exception <a 'sun/nio/fs/WindowsException'{0x000000008cab1508}> (0x000000008cab1508) 
thrown [s\src\hotspot\share\prims\jni.cpp, line 537]
Event: 25.110 Thread 0x000002417982b6b0 Exception <a 'sun/nio/fs/WindowsException'{0x000000008cab2950}> (0x000000008cab2950) 
thrown [s\src\hotspot\share\prims\jni.cpp, line 537]
Event: 25.112 Thread 0x000002417982b6b0 Exception <a 'sun/nio/fs/WindowsException'{0x000000008cab3d80}> (0x000000008cab3d80) 
thrown [s\src\hotspot\share\prims\jni.cpp, line 537]
Event: 25.115 Thread 0x000002417982b6b0 Exception <a 'sun/nio/fs/WindowsException'{0x000000008cab5168}> (0x000000008cab5168) 
thrown [s\src\hotspot\share\prims\jni.cpp, line 537]
Event: 25.118 Thread 0x000002417982b6b0 Exception <a 'sun/nio/fs/WindowsException'{0x000000008cab6510}> (0x000000008cab6510) 
thrown [s\src\hotspot\share\prims\jni.cpp, line 537]
Event: 25.121 Thread 0x000002417982b6b0 Exception <a 'sun/nio/fs/WindowsException'{0x000000008c26ae38}> (0x000000008c26ae38) 
thrown [s\src\hotspot\share\prims\jni.cpp, line 537]
Event: 25.123 Thread 0x000002417982b6b0 Exception <a 'sun/nio/fs/WindowsException'{0x000000008c26c270}> (0x000000008c26c270) 
thrown [s\src\hotspot\share\prims\jni.cpp, line 537]
Event: 25.125 Thread 0x000002417982b6b0 Exception <a 'sun/nio/fs/WindowsException'{0x000000008c26d7c0}> (0x000000008c26d7c0) 
thrown [s\src\hotspot\share\prims\jni.cpp, line 537]
Event: 25.127 Thread 0x000002417982b6b0 Exception <a 'sun/nio/fs/WindowsException'{0x000000008c26ecb0}> (0x000000008c26ecb0) 
thrown [s\src\hotspot\share\prims\jni.cpp, line 537]
Event: 25.357 Thread 0x000002417982b6b0 Exception <a 'sun/nio/fs/WindowsException'{0x000000008c270190}> (0x000000008c270190) 
thrown [s\src\hotspot\share\prims\jni.cpp, line 537]
Event: 25.387 Thread 0x000002417982b6b0 Exception <a 'sun/nio/fs/WindowsException'{0x000000008c271990}> (0x000000008c271990) 
thrown [s\src\hotspot\share\prims\jni.cpp, line 537]
Event: 25.392 Thread 0x000002417982b6b0 Exception <a 'sun/nio/fs/WindowsException'{0x000000008c272e40}> (0x000000008c272e40) 
thrown [s\src\hotspot\share\prims\jni.cpp, line 537]
Event: 25.427 Thread 0x000002417982b6b0 Exception <a 'sun/nio/fs/WindowsException'{0x00000000ffd80530}> (0x00000000ffd80530) 
thrown [s\src\hotspot\share\prims\jni.cpp, line 537]
Event: 25.435 Thread 0x000002417982b6b0 Exception <a 'sun/nio/fs/WindowsException'{0x00000000ffd81968}> (0x00000000ffd81968) 
thrown [s\src\hotspot\share\prims\jni.cpp, line 537]

ZGC Phase Switch (0 events):
No events

VM Operations (20 events):
Event: 22.442 Executing VM operation: HandshakeAllThreads (Deoptimize)
Event: 22.443 Executing VM operation: HandshakeAllThreads (Deoptimize) done
Event: 22.812 Executing VM operation: ICBufferFull
Event: 22.812 Executing VM operation: ICBufferFull done
Event: 22.901 Executing VM operation: G1CollectForAllocation (G1 Evacuation Pause)
Event: 22.921 Executing VM operation: G1CollectForAllocation (G1 Evacuation Pause) done
Event: 23.740 Executing VM operation: G1CollectForAllocation (G1 Evacuation Pause)
Event: 23.751 Executing VM operation: G1CollectForAllocation (G1 Evacuation Pause) done
Event: 23.989 Executing VM operation: G1PauseRemark
Event: 23.998 Executing VM operation: G1PauseRemark done
Event: 24.105 Executing VM operation: G1PauseCleanup
Event: 24.106 Executing VM operation: G1PauseCleanup done
Event: 24.587 Executing VM operation: HandshakeAllThreads (Deoptimize)
Event: 24.588 Executing VM operation: HandshakeAllThreads (Deoptimize) done
Event: 24.747 Executing VM operation: G1CollectForAllocation (G1 Evacuation Pause)
Event: 24.756 Executing VM operation: G1CollectForAllocation (G1 Evacuation Pause) done
Event: 25.410 Executing VM operation: G1CollectForAllocation (G1 Evacuation Pause)
Event: 25.422 Executing VM operation: G1CollectForAllocation (G1 Evacuation Pause) done
Event: 25.471 Executing VM operation: HandshakeAllThreads (Deoptimize)
Event: 25.485 Executing VM operation: HandshakeAllThreads (Deoptimize) done

Memory protections (0 events):
No events

Nmethod flushes (20 events):
Event: 23.996 Thread 0x000002416f50d760 flushing  nmethod 0x000002415b365210
Event: 23.996 Thread 0x000002416f50d760 flushing  nmethod 0x000002415b5a6b90
Event: 23.996 Thread 0x000002416f50d760 flushing  nmethod 0x000002415b5a8f90
Event: 23.996 Thread 0x000002416f50d760 flushing  nmethod 0x000002415b5ee610
Event: 23.996 Thread 0x000002416f50d760 flushing  nmethod 0x000002415b64c990
Event: 23.996 Thread 0x000002416f50d760 flushing  nmethod 0x000002415b6d4b10
Event: 23.996 Thread 0x000002416f50d760 flushing  nmethod 0x000002415b7a5110
Event: 23.996 Thread 0x000002416f50d760 flushing  nmethod 0x000002415b7b2690
Event: 23.996 Thread 0x000002416f50d760 flushing  nmethod 0x000002415b992f10
Event: 23.996 Thread 0x000002416f50d760 flushing  nmethod 0x000002415b994790
Event: 23.996 Thread 0x000002416f50d760 flushing  nmethod 0x000002415bc3ff10
Event: 23.996 Thread 0x000002416f50d760 flushing  nmethod 0x000002415befe510
Event: 23.996 Thread 0x000002416f50d760 flushing  nmethod 0x000002415c0d5490
Event: 23.996 Thread 0x000002416f50d760 flushing  nmethod 0x000002415ba04510
Event: 23.996 Thread 0x000002416f50d760 flushing  nmethod 0x000002415bafa290
Event: 23.996 Thread 0x000002416f50d760 flushing  nmethod 0x000002415be06310
Event: 23.996 Thread 0x000002416f50d760 flushing  nmethod 0x000002415be07a90
Event: 23.996 Thread 0x000002416f50d760 flushing  nmethod 0x000002415c182610
Event: 23.996 Thread 0x000002416f50d760 flushing  nmethod 0x000002415c279590
Event: 23.996 Thread 0x000002416f50d760 flushing  nmethod 0x000002415c279990

Events (20 events):
Event: 20.086 Thread 0x000002417982b6b0 Thread added: 0x000002417c5d2ed0
Event: 20.086 Thread 0x000002417982b6b0 Thread added: 0x000002417c5d4fa0
Event: 20.241 Thread 0x000002417982b6b0 Thread added: 0x000002417c5d4280
Event: 20.242 Thread 0x000002417982b6b0 Thread added: 0x000002417c5d5630
Event: 20.242 Thread 0x000002417982b6b0 Thread added: 0x000002417c5d69e0
Event: 20.243 Thread 0x000002417982b6b0 Thread added: 0x000002417c5d5cc0
Event: 20.243 Thread 0x000002417982b6b0 Thread added: 0x000002417c5d3560
Event: 20.244 Thread 0x000002417982b6b0 Thread added: 0x000002417c5d9140
Event: 20.245 Thread 0x000002417982b6b0 Thread added: 0x000002417c5d6350
Event: 20.629 Thread 0x000002417406d8e0 Thread exited: 0x000002417406d8e0
Event: 20.945 Thread 0x000002416f5c6400 Thread added: 0x000002417a9b7f50
Event: 22.363 Thread 0x000002416f5bab70 Thread added: 0x000002417a9b6410
Event: 24.391 Thread 0x00000241798295e0 Thread added: 0x0000024178825c70
Event: 24.431 Thread 0x00000241798295e0 Thread added: 0x0000024178829780
Event: 24.471 Thread 0x00000241798295e0 Thread added: 0x0000024178826300
Event: 24.530 Thread 0x00000241798295e0 Thread added: 0x0000024178826990
Event: 24.575 Thread 0x00000241798295e0 Thread added: 0x000002417882ab30
Event: 24.621 Thread 0x00000241798295e0 Thread added: 0x000002417882b1c0
Event: 24.652 Thread 0x00000241798295e0 Thread added: 0x000002417882b850
Event: 24.679 Thread 0x00000241798295e0 Thread added: 0x000002417882bee0


Dynamic libraries:
0x00007ff6b83e0000 - 0x00007ff6b83ea000 	C:\Program Files\Android\Android Studio\jbr\bin\java.exe
0x00007ffffab80000 - 0x00007ffffade7000 	C:\WINDOWS\SYSTEM32\ntdll.dll
0x00007ffff94c0000 - 0x00007ffff9589000 	C:\WINDOWS\System32\KERNEL32.DLL
0x00007ffff8320000 - 0x00007ffff870f000 	C:\WINDOWS\System32\KERNELBASE.dll
0x00007ffff7e50000 - 0x00007ffff7f9b000 	C:\WINDOWS\System32\ucrtbase.dll
0x00007fffc8960000 - 0x00007fffc897b000 	C:\Program Files\Android\Android Studio\jbr\bin\VCRUNTIME140.dll
0x00007fffdfa10000 - 0x00007fffdfa28000 	C:\Program Files\Android\Android Studio\jbr\bin\jli.dll
0x00007ffffa970000 - 0x00007ffffab35000 	C:\WINDOWS\System32\USER32.dll
0x00007fffe7050000 - 0x00007fffe72e3000 	C:\WINDOWS\WinSxS\amd64_microsoft.windows.common-controls_6595b64144ccf1df_6.0.26100.7309_none_3e05feeae336a044\COMCTL32.dll
0x00007ffff7fa0000 - 0x00007ffff7fc7000 	C:\WINDOWS\System32\win32u.dll
0x00007ffff8f10000 - 0x00007ffff8f3b000 	C:\WINDOWS\System32\GDI32.dll
0x00007ffff81f0000 - 0x00007ffff831c000 	C:\WINDOWS\System32\gdi32full.dll
0x00007ffffa380000 - 0x00007ffffa429000 	C:\WINDOWS\System32\msvcrt.dll
0x00007ffff8720000 - 0x00007ffff87c3000 	C:\WINDOWS\System32\msvcp_win.dll
0x00007ffff9040000 - 0x00007ffff9071000 	C:\WINDOWS\System32\IMM32.DLL
0x00007fffe87b0000 - 0x00007fffe87bc000 	C:\Program Files\Android\Android Studio\jbr\bin\vcruntime140_1.dll
0x00007fffabfc0000 - 0x00007fffac04d000 	C:\Program Files\Android\Android Studio\jbr\bin\msvcp140.dll
0x00007fff65d90000 - 0x00007fff66a26000 	C:\Program Files\Android\Android Studio\jbr\bin\server\jvm.dll
0x00007ffff9130000 - 0x00007ffff91e4000 	C:\WINDOWS\System32\ADVAPI32.dll
0x00007ffffa6a0000 - 0x00007ffffa746000 	C:\WINDOWS\System32\sechost.dll
0x00007ffff92b0000 - 0x00007ffff93c8000 	C:\WINDOWS\System32\RPCRT4.dll
0x00007ffff9810000 - 0x00007ffff9884000 	C:\WINDOWS\System32\WS2_32.dll
0x00007ffff7b30000 - 0x00007ffff7b8e000 	C:\WINDOWS\SYSTEM32\POWRPROF.dll
0x00007fffe3980000 - 0x00007fffe39b5000 	C:\WINDOWS\SYSTEM32\WINMM.dll
0x00007fffee5d0000 - 0x00007fffee5db000 	C:\WINDOWS\SYSTEM32\VERSION.dll
0x00007ffff7b10000 - 0x00007ffff7b24000 	C:\WINDOWS\SYSTEM32\UMPDC.dll
0x00007ffff6a80000 - 0x00007ffff6a9b000 	C:\WINDOWS\SYSTEM32\kernel.appcore.dll
0x00007fffe8770000 - 0x00007fffe877a000 	C:\Program Files\Android\Android Studio\jbr\bin\jimage.dll
0x00007ffff2120000 - 0x00007ffff2362000 	C:\WINDOWS\SYSTEM32\DBGHELP.DLL
0x00007ffff9890000 - 0x00007ffff9c15000 	C:\WINDOWS\System32\combase.dll
0x00007ffff8db0000 - 0x00007ffff8e86000 	C:\WINDOWS\System32\OLEAUT32.dll
0x00007fffdbd70000 - 0x00007fffdbdac000 	C:\WINDOWS\SYSTEM32\dbgcore.DLL
0x00007ffff7fd0000 - 0x00007ffff8075000 	C:\WINDOWS\System32\bcryptPrimitives.dll
0x00007fffdfa00000 - 0x00007fffdfa0e000 	C:\Program Files\Android\Android Studio\jbr\bin\instrument.dll
0x00007fffbbb80000 - 0x00007fffbbba0000 	C:\Program Files\Android\Android Studio\jbr\bin\java.dll
0x00007fffbb930000 - 0x00007fffbb948000 	C:\Program Files\Android\Android Studio\jbr\bin\zip.dll
0x00007ffff9c20000 - 0x00007ffffa373000 	C:\WINDOWS\System32\SHELL32.dll
0x00007ffff8080000 - 0x00007ffff81ea000 	C:\WINDOWS\System32\wintypes.dll
0x00007ffff5910000 - 0x00007ffff616e000 	C:\WINDOWS\SYSTEM32\windows.storage.dll
0x00007ffff8f40000 - 0x00007ffff9035000 	C:\WINDOWS\System32\SHCORE.dll
0x00007ffff9240000 - 0x00007ffff92a6000 	C:\WINDOWS\System32\shlwapi.dll
0x00007ffff7bf0000 - 0x00007ffff7c19000 	C:\WINDOWS\SYSTEM32\profapi.dll
0x00007fffe86b0000 - 0x00007fffe86c0000 	C:\Program Files\Android\Android Studio\jbr\bin\net.dll
0x00007fffed450000 - 0x00007fffed578000 	C:\WINDOWS\SYSTEM32\WINHTTP.dll
0x00007ffff6ff0000 - 0x00007ffff705b000 	C:\WINDOWS\system32\mswsock.dll
0x00007fffba2a0000 - 0x00007fffba2b6000 	C:\Program Files\Android\Android Studio\jbr\bin\nio.dll
0x00007fffdc320000 - 0x00007fffdc330000 	C:\Program Files\Android\Android Studio\jbr\bin\verify.dll
0x00007fffba270000 - 0x00007fffba297000 	C:\Users\Muhammad Ali\.gradle\native\1def1411415f61bf3af743bc5b6707747c0891f09f0c88961ee8f79bc544acac\windows-amd64\native-platform.dll
0x00007fffabf40000 - 0x00007fffabfb8000 	C:\Users\Muhammad Ali\.gradle\native\0.2.7\x86_64-windows-gnu\gradle-fileevents.dll
0x00007fffdf9b0000 - 0x00007fffdf9b9000 	C:\Program Files\Android\Android Studio\jbr\bin\management.dll
0x00007fffdeff0000 - 0x00007fffdeffb000 	C:\Program Files\Android\Android Studio\jbr\bin\management_ext.dll
0x00007ffff9120000 - 0x00007ffff9128000 	C:\WINDOWS\System32\PSAPI.DLL
0x00007ffff6490000 - 0x00007ffff64c4000 	C:\WINDOWS\SYSTEM32\IPHLPAPI.DLL
0x00007ffffa610000 - 0x00007ffffa61a000 	C:\WINDOWS\System32\NSI.dll
0x00007fffe85c0000 - 0x00007fffe85c9000 	C:\Program Files\Android\Android Studio\jbr\bin\extnet.dll
0x00007ffff72b0000 - 0x00007ffff72cb000 	C:\WINDOWS\SYSTEM32\CRYPTSP.dll
0x00007ffff69e0000 - 0x00007ffff6a1a000 	C:\WINDOWS\system32\rsaenh.dll
0x00007ffff70a0000 - 0x00007ffff70cb000 	C:\WINDOWS\SYSTEM32\USERENV.dll
0x00007ffff7bc0000 - 0x00007ffff7bea000 	C:\WINDOWS\SYSTEM32\bcrypt.dll
0x00007ffff72d0000 - 0x00007ffff72dc000 	C:\WINDOWS\SYSTEM32\CRYPTBASE.dll
0x00007fffee0c0000 - 0x00007fffee0c8000 	C:\WINDOWS\system32\wshunix.dll
0x00007ffff6ba0000 - 0x00007ffff6bd6000 	C:\WINDOWS\SYSTEM32\ntmarta.dll

JVMTI agents:
C:\Users\Muhammad Ali\.gradle\wrapper\dists\gradle-8.13-bin\5xuhj0ry160q40clulazy9h7d\gradle-8.13\lib\agents\gradle-instrumentation-agent-8.13.jar path:C:\Program Files\Android\Android Studio\jbr\bin\instrument.dll, loaded, initialized, instrumentlib options:none

dbghelp: loaded successfully - version: 4.0.5 - missing functions: none
symbol engine: initialized successfully - sym options: 0x614 - pdb path: .;C:\Program Files\Android\Android Studio\jbr\bin;C:\WINDOWS\SYSTEM32;C:\WINDOWS\WinSxS\amd64_microsoft.windows.common-controls_6595b64144ccf1df_6.0.26100.7309_none_3e05feeae336a044;C:\Program Files\Android\Android Studio\jbr\bin\server;C:\Users\Muhammad Ali\.gradle\native\1def1411415f61bf3af743bc5b6707747c0891f09f0c88961ee8f79bc544acac\windows-amd64;C:\Users\Muhammad Ali\.gradle\native\0.2.7\x86_64-windows-gnu

VM Arguments:
jvm_args: --add-opens=java.base/java.lang=ALL-UNNAMED --add-opens=java.base/java.lang.invoke=ALL-UNNAMED --add-opens=java.base/java.util=ALL-UNNAMED --add-opens=java.prefs/java.util.prefs=ALL-UNNAMED --add-exports=jdk.compiler/com.sun.tools.javac.api=ALL-UNNAMED --add-exports=jdk.compiler/com.sun.tools.javac.util=ALL-UNNAMED --add-opens=java.base/java.util=ALL-UNNAMED --add-opens=java.prefs/java.util.prefs=ALL-UNNAMED --add-opens=java.base/java.nio.charset=ALL-UNNAMED --add-opens=java.base/java.net=ALL-UNNAMED --add-opens=java.base/java.util.concurrent.atomic=ALL-UNNAMED --add-opens=java.xml/javax.xml.namespace=ALL-UNNAMED -Xmx2048m -Dfile.encoding=UTF-8 -Duser.country=US -Duser.language=en -Duser.variant -javaagent:C:\Users\Muhammad Ali\.gradle\wrapper\dists\gradle-8.13-bin\5xuhj0ry160q40clulazy9h7d\gradle-8.13\lib\agents\gradle-instrumentation-agent-8.13.jar 
java_command: org.gradle.launcher.daemon.bootstrap.GradleDaemon 8.13
java_class_path (initial): C:\Users\Muhammad Ali\.gradle\wrapper\dists\gradle-8.13-bin\5xuhj0ry160q40clulazy9h7d\gradle-8.13\lib\gradle-daemon-main-8.13.jar
Launcher Type: SUN_STANDARD

[Global flags]
     intx CICompilerCount                          = 4                                         {product} {ergonomic}
     uint ConcGCThreads                            = 2                                         {product} {ergonomic}
     uint G1ConcRefinementThreads                  = 8                                         {product} {ergonomic}
   size_t G1HeapRegionSize                         = 1048576                                   {product} {ergonomic}
    uintx GCDrainStackTargetSize                   = 64                                        {product} {ergonomic}
   size_t InitialHeapSize                          = 268435456                                 {product} {ergonomic}
   size_t MarkStackSize                            = 4194304                                   {product} {ergonomic}
   size_t MaxHeapSize                              = 2147483648                                {product} {command line}
   size_t MaxNewSize                               = 1287651328                                {product} {ergonomic}
   size_t MinHeapDeltaBytes                        = 1048576                                   {product} {ergonomic}
   size_t MinHeapSize                              = 8388608                                   {product} {ergonomic}
    uintx NonNMethodCodeHeapSize                   = 5839372                                {pd product} {ergonomic}
    uintx NonProfiledCodeHeapSize                  = 122909434                              {pd product} {ergonomic}
    uintx ProfiledCodeHeapSize                     = 122909434                              {pd product} {ergonomic}
    uintx ReservedCodeCacheSize                    = 251658240                              {pd product} {ergonomic}
     bool SegmentedCodeCache                       = true                                      {product} {ergonomic}
   size_t SoftMaxHeapSize                          = 2147483648                             {manageable} {ergonomic}
     bool UseCompressedOops                        = true                           {product lp64_product} {ergonomic}
     bool UseG1GC                                  = true                                      {product} {ergonomic}
     bool UseLargePagesIndividualAllocation        = false                                  {pd product} {ergonomic}

Logging:
Log output configuration:
 #0: stdout all=warning uptime,level,tags foldmultilines=false
 #1: stderr all=off uptime,level,tags foldmultilines=false

Environment Variables:
PATH=C:\WINDOWS\system32;C:\WINDOWS;C:\WINDOWS\System32\Wbem;C:\WINDOWS\System32\WindowsPowerShell\v1.0\;C:\WINDOWS\System32\OpenSSH\;C:\Program Files\Git\cmd;C:\Users\Muhammad Ali\AppData\Local\Microsoft\WindowsApps;
USERNAME=Muhammad Ali
OS=Windows_NT
PROCESSOR_IDENTIFIER=Intel64 Family 6 Model 142 Stepping 10, GenuineIntel
TMP=C:\Users\MUHAMM~1\AppData\Local\Temp
TEMP=C:\Users\MUHAMM~1\AppData\Local\Temp




Periodic native trim disabled

JNI global refs:
JNI global refs: 30, weak refs: 22

JNI global refs memory usage: 835, weak refs: 833

Process memory usage:
Resident Set Size: 549816K (3% of 16652500K total physical memory with 1039396K free physical memory)

OOME stack traces (most recent first):
Classloader memory used:
Loader org.gradle.internal.classloader.VisitableURLClassLoader                         : 43718K
Loader org.gradle.internal.classloader.VisitableURLClassLoader$InstrumentingVisitableURLClassLoader: 29870K
Loader bootstrap                                                                       : 29298K
Loader org.gradle.initialization.MixInLegacyTypesClassLoader                           : 12824K
Loader jdk.internal.loader.ClassLoaders$PlatformClassLoader                            : 518K
Loader jdk.internal.reflect.DelegatingClassLoader                                      : 340K
Loader jdk.internal.loader.ClassLoaders$AppClassLoader                                 : 235K
Loader org.gradle.internal.classloader.VisitableURLClassLoader                         : 163K
Loader org.gradle.groovy.scripts.internal.DefaultScriptCompilationHandler$ScriptClassLoader: 135K
Loader org.codehaus.groovy.runtime.callsite.CallSiteClassLoader                        : 27488B

Classes loaded by more than one classloader:
Class Program                                                                         : loaded 5 times (x 72B)
Class Build_gradle                                                                    : loaded 3 times (x 130B)
Class Build_gradle$1                                                                  : loaded 3 times (x 74B)
Class ijKotlinCoroutineJvmDebugInit1_3doq0wd6mmxkhuk4x2jk37ti$_run_closure1           : loaded 2 times (x 139B)
Class ijJvmDebugger1_2l7309hp9h2qcckjol5ilcusy                                        : loaded 2 times (x 179B)
Class org.gradle.internal.classloader.FilteringClassLoader                            : loaded 2 times (x 105B)
Class com.google.common.io.FileWriteMode                                              : loaded 2 times (x 79B)
Class [Lcom.google.common.base.AbstractIterator$State;                                : loaded 2 times (x 69B)
Class com.google.common.base.CharMatcher$IsEither                                     : loaded 2 times (x 111B)
Class org.gradle.internal.classloader.ClassLoaderHierarchy                            : loaded 2 times (x 70B)
Class com.google.common.collect.AbstractMapBasedMultimap$WrappedCollection            : loaded 2 times (x 124B)
Class com.google.common.collect.ImmutableEnumSet                                      : loaded 2 times (x 146B)
Class com.google.common.util.concurrent.ExecutionError                                : loaded 2 times (x 82B)
Class com.google.common.collect.ImmutableList$1                                       : loaded 2 times (x 97B)
Class ijKotlinCoroutineJvmDebugInit1_3doq0wd6mmxkhuk4x2jk37ti$_run_closure1$_closure2 : loaded 2 times (x 139B)
Class org.gradle.api.internal.classpath.ManifestUtil                                  : loaded 2 times (x 71B)
Class com.google.common.collect.RegularImmutableMap                                   : loaded 2 times (x 121B)
Class com.google.common.collect.ImmutableMap$MapViewOfValuesAsSingletonSets           : loaded 2 times (x 126B)
Class com.google.common.collect.TransformedListIterator                               : loaded 2 times (x 93B)
Class [Lorg.objectweb.asm.Symbol;                                                     : loaded 2 times (x 69B)
Class org.objectweb.asm.ClassVisitor                                                  : loaded 2 times (x 88B)
Class com.google.common.collect.UnmodifiableListIterator                              : loaded 2 times (x 95B)
Class com.google.common.base.Platform$JdkPatternCompiler                              : loaded 2 times (x 75B)
Class org.objectweb.asm.MethodTooLargeException                                       : loaded 2 times (x 83B)
Class [Lcom.google.common.cache.CacheBuilder$OneWeigher;                              : loaded 2 times (x 69B)
Class com.google.common.base.Suppliers                                                : loaded 2 times (x 71B)
Class org.gradle.internal.classloader.DefaultClassLoaderFactory                       : loaded 2 times (x 82B)
Class com.google.common.base.CharMatcher$None                                         : loaded 2 times (x 112B)
Class org.gradle.internal.classloader.ClassLoaderVisitor                              : loaded 2 times (x 76B)
Class [Lcom.google.common.collect.ImmutableMapEntry;                                  : loaded 2 times (x 69B)
Class org.gradle.api.internal.classpath.EffectiveClassPath                            : loaded 2 times (x 90B)
Class com.google.common.collect.ImmutableRangeSet                                     : loaded 2 times (x 115B)
Class com.google.common.collect.ListMultimap                                          : loaded 2 times (x 70B)
Class com.google.common.collect.ImmutableEnumMap                                      : loaded 2 times (x 126B)
Class com.google.common.base.Splitter                                                 : loaded 2 times (x 72B)
Class com.google.common.collect.Sets$1                                                : loaded 2 times (x 139B)
Class org.objectweb.asm.AnnotationVisitor                                             : loaded 2 times (x 78B)
Class org.gradle.api.internal.DefaultClassPathProvider                                : loaded 2 times (x 76B)
Class com.google.common.collect.Maps$ViewCachingAbstractMap                           : loaded 2 times (x 125B)
Class com.google.common.collect.Sets$2                                                : loaded 2 times (x 139B)
Class [Lorg.gradle.api.internal.ClassPathProvider;                                    : loaded 2 times (x 69B)
Class org.gradle.api.internal.ClassPathProvider                                       : loaded 2 times (x 70B)
Class com.google.common.base.AbstractIterator$State                                   : loaded 2 times (x 79B)
Class [Lorg.objectweb.asm.AnnotationVisitor;                                          : loaded 2 times (x 69B)
Class com.google.common.collect.Sets$3                                                : loaded 2 times (x 139B)
Class com.google.common.util.concurrent.AbstractFuture$SafeAtomicHelper               : loaded 2 times (x 79B)
Class com.google.common.cache.LocalCache$LocalLoadingCache                            : loaded 2 times (x 134B)
Class org.gradle.internal.service.UnknownServiceException                             : loaded 2 times (x 83B)
Class com.google.common.collect.Sets$4                                                : loaded 2 times (x 139B)
Class org.objectweb.asm.ModuleVisitor                                                 : loaded 2 times (x 81B)
Class com.google.common.cache.LocalCache$Strength$1                                   : loaded 2 times (x 81B)
Class com.google.common.util.concurrent.SettableFuture                                : loaded 2 times (x 114B)
Class com.google.common.cache.LocalCache$Strength$2                                   : loaded 2 times (x 81B)
Class com.google.common.collect.TransformedIterator                                   : loaded 2 times (x 80B)
Class com.google.common.base.Splitter$1                                               : loaded 2 times (x 77B)
Class com.google.common.cache.LocalCache$Strength$3                                   : loaded 2 times (x 81B)
Class com.google.common.collect.MapDifference                                         : loaded 2 times (x 70B)
Class org.objectweb.asm.FieldWriter                                                   : loaded 2 times (x 78B)
Class com.google.common.cache.CacheBuilder$NullListener                               : loaded 2 times (x 82B)
Class org.gradle.internal.classpath.TransformedClassPath                              : loaded 2 times (x 96B)
Class org.gradle.internal.classloader.InstrumentingClassLoader                        : loaded 2 times (x 70B)
Class com.google.common.collect.ImmutableRangeSet$AsSet                               : loaded 2 times (x 300B)
Class com.google.common.cache.CacheLoader$FunctionToCacheLoader                       : loaded 2 times (x 75B)
Class com.google.common.collect.Iterators$ArrayItr                                    : loaded 2 times (x 97B)
Class com.google.common.collect.ImmutableCollection$Builder                           : loaded 2 times (x 76B)
Class com.google.common.collect.BaseImmutableMultimap                                 : loaded 2 times (x 123B)
Class com.google.common.base.Joiner                                                   : loaded 2 times (x 79B)
Class com.google.common.base.MoreObjects                                              : loaded 2 times (x 71B)
Class com.google.common.collect.Platform                                              : loaded 2 times (x 71B)
Class [Lorg.objectweb.asm.Type;                                                       : loaded 2 times (x 69B)
Class com.google.common.collect.UnmodifiableIterator                                  : loaded 2 times (x 80B)
Class org.gradle.internal.service.ServiceLocator                                      : loaded 2 times (x 70B)
Class com.google.common.base.Ascii                                                    : loaded 2 times (x 71B)
Class com.google.common.collect.SingletonImmutableBiMap                               : loaded 2 times (x 143B)
Class com.google.common.cache.LocalCache$1                                            : loaded 2 times (x 89B)
Class com.google.common.collect.AbstractMapEntry                                      : loaded 2 times (x 81B)
Class com.google.common.collect.Sets$ImprovedAbstractSet                              : loaded 2 times (x 135B)
Class com.google.common.collect.ImmutableList$Builder                                 : loaded 2 times (x 77B)
Class com.google.common.collect.AbstractMultimap                                      : loaded 2 times (x 123B)
Class com.google.common.cache.LocalCache$2                                            : loaded 2 times (x 142B)
Class com.google.common.collect.ImmutableRangeSet$1                                   : loaded 2 times (x 210B)
Class com.google.common.util.concurrent.AbstractFuture$UnsafeAtomicHelper$1           : loaded 2 times (x 76B)
Class com.google.common.collect.RegularImmutableAsList                                : loaded 2 times (x 217B)
Class com.google.common.collect.Range                                                 : loaded 2 times (x 87B)
Class com.google.common.util.concurrent.AbstractFuture$Trusted                        : loaded 2 times (x 70B)
Class com.google.common.collect.Iterators                                             : loaded 2 times (x 71B)
Class com.google.common.io.ByteSink$AsCharSink                                        : loaded 2 times (x 80B)
Class com.google.common.collect.Lists$StringAsImmutableList                           : loaded 2 times (x 207B)
Class com.google.common.util.concurrent.UncheckedExecutionException                   : loaded 2 times (x 82B)
Class org.gradle.kotlin.dsl.VersionCatalogAccessorsKt                                 : loaded 2 times (x 71B)
Class org.gradle.internal.InternalTransformer                                         : loaded 2 times (x 70B)
Class com.google.common.collect.AbstractMapBasedMultimap$KeySet$1                     : loaded 2 times (x 82B)
Class org.objectweb.asm.ClassWriter                                                   : loaded 2 times (x 106B)
Class com.google.common.cache.CacheLoader$UnsupportedLoadingOperationException        : loaded 2 times (x 82B)
Class com.google.common.base.CharMatcher$And                                          : loaded 2 times (x 112B)
Class org.gradle.internal.classloader.ClasspathUtil$1                                 : loaded 2 times (x 76B)
Class com.google.common.base.Objects                                                  : loaded 2 times (x 71B)
Class org.objectweb.asm.FieldVisitor                                                  : loaded 2 times (x 77B)
Class com.google.common.collect.IndexedImmutableSet                                   : loaded 2 times (x 152B)
Class com.google.common.collect.ImmutableMap$1                                        : loaded 2 times (x 81B)
Class com.google.common.collect.BiMap                                                 : loaded 2 times (x 70B)
Class org.gradle.api.internal.classpath.DefaultModuleRegistry$DefaultModule           : loaded 2 times (x 86B)
Class com.google.common.primitives.Ints                                               : loaded 2 times (x 71B)
Class com.google.common.collect.AbstractIterator                                      : loaded 2 times (x 82B)
Class com.google.common.collect.RegularImmutableMap$KeySet                            : loaded 2 times (x 152B)
Class com.google.common.collect.Multiset                                              : loaded 2 times (x 70B)
Class com.google.common.collect.ArrayListMultimapGwtSerializationDependencies         : loaded 2 times (x 172B)
Class com.google.common.collect.AbstractIndexedListIterator                           : loaded 2 times (x 96B)
Class com.google.common.math.MathPreconditions                                        : loaded 2 times (x 71B)
Class com.google.common.collect.ImmutableMapEntrySet                                  : loaded 2 times (x 152B)
Class org.gradle.api.internal.classpath.Module                                        : loaded 2 times (x 70B)
Class com.google.common.cache.Weigher                                                 : loaded 2 times (x 70B)
Class org.gradle.api.internal.classpath.UnknownModuleException                        : loaded 2 times (x 82B)
Class com.google.common.base.Stopwatch                                                : loaded 2 times (x 72B)
Class com.google.common.cache.LocalCache$Strength                                     : loaded 2 times (x 81B)
Class com.google.common.cache.Cache                                                   : loaded 2 times (x 70B)
Class ijJvmDebugger1_2l7309hp9h2qcckjol5ilcusy$_run_closure1$_closure2                : loaded 2 times (x 140B)
Class com.google.common.io.Files$2                                                    : loaded 2 times (x 76B)
Class com.google.common.base.NullnessCasts                                            : loaded 2 times (x 71B)
Class com.google.common.util.concurrent.AbstractFuture$Cancellation                   : loaded 2 times (x 72B)
Class com.google.common.collect.ImmutableMap$Builder                                  : loaded 2 times (x 82B)
Class com.google.common.collect.AbstractMapBasedMultimap$WrappedCollection$WrappedIterator: loaded 2 times (x 84B)
Class com.google.common.cache.RemovalListener                                         : loaded 2 times (x 70B)
Class ijJvmDebugger1_2l7309hp9h2qcckjol5ilcusy$_run_closure1                          : loaded 2 times (x 139B)
Class org.gradle.api.internal.DefaultClassPathRegistry                                : loaded 2 times (x 76B)
Class com.google.common.primitives.IntsMethodsForWeb                                  : loaded 2 times (x 71B)
Class com.google.common.collect.Multimap                                              : loaded 2 times (x 70B)
Class org.gradle.api.internal.ClassPathRegistry                                       : loaded 2 times (x 70B)
Class org.gradle.internal.classpath.DefaultClassPath$ImmutableUniqueList              : loaded 2 times (x 199B)
Class com.google.common.base.ExtraObjectsMethodsForWeb                                : loaded 2 times (x 71B)
Class com.google.common.base.Equivalence$Identity                                     : loaded 2 times (x 82B)
Class com.google.common.io.ByteSink                                                   : loaded 2 times (x 76B)
Class com.google.common.cache.CacheBuilder                                            : loaded 2 times (x 72B)
Class com.google.common.collect.SingletonImmutableList                                : loaded 2 times (x 207B)
Class Settings_gradle$1                                                               : loaded 2 times (x 74B)
Class org.gradle.internal.classpath.ClassPath                                         : loaded 2 times (x 70B)
Class org.gradle.api.UncheckedIOException                                             : loaded 2 times (x 82B)
Class com.google.common.io.Files$FileByteSource                                       : loaded 2 times (x 85B)
Class com.google.common.base.JdkPattern                                               : loaded 2 times (x 75B)
Class com.google.common.collect.ImmutableList$ReverseImmutableList                    : loaded 2 times (x 209B)
Class org.objectweb.asm.SymbolTable$Entry                                             : loaded 2 times (x 74B)
Class com.google.common.util.concurrent.AbstractFuture$AtomicHelper                   : loaded 2 times (x 78B)
Class org.objectweb.asm.Edge                                                          : loaded 2 times (x 72B)
Class com.google.common.base.Suppliers$SupplierOfInstance                             : loaded 2 times (x 79B)
Class com.google.common.collect.Iterators$1                                           : loaded 2 times (x 81B)
Class com.google.common.cache.LocalCache$ComputingValueReference                      : loaded 2 times (x 96B)
Class com.google.common.collect.SingletonImmutableSet                                 : loaded 2 times (x 146B)
Class com.google.common.collect.ImmutableMap$IteratorBasedImmutableMap                : loaded 2 times (x 126B)
Class com.google.common.cache.LocalCache$Segment                                      : loaded 2 times (x 154B)
Class com.google.common.collect.SortedIterable                                        : loaded 2 times (x 70B)
Class com.google.common.collect.AbstractListMultimap                                  : loaded 2 times (x 172B)
Class [Lorg.objectweb.asm.SymbolTable$Entry;                                          : loaded 2 times (x 69B)
Class com.google.common.cache.CacheLoader                                             : loaded 2 times (x 74B)
Class com.google.common.collect.Iterators$4                                           : loaded 2 times (x 82B)
Class com.google.common.collect.ImmutableBiMap                                        : loaded 2 times (x 143B)
Class org.gradle.internal.installation.GradleInstallation$1                           : loaded 2 times (x 75B)
Class org.gradle.api.internal.classpath.ModuleRegistry                                : loaded 2 times (x 70B)
Class com.google.common.base.Splitter$SplittingIterator                               : loaded 2 times (x 84B)
Class com.google.common.util.concurrent.internal.InternalFutureFailureAccess          : loaded 2 times (x 72B)
Class com.google.common.collect.Iterators$5                                           : loaded 2 times (x 82B)
Class com.google.common.collect.ImmutableSet$JdkBackedSetBuilderImpl                  : loaded 2 times (x 76B)
Class com.google.common.util.concurrent.AbstractFuture$UnsafeAtomicHelper             : loaded 2 times (x 78B)
Class com.google.common.cache.LocalCache$LocalManualCache$1                           : loaded 2 times (x 75B)
Class com.google.common.base.CharMatcher$ForPredicate                                 : loaded 2 times (x 112B)
Class com.google.common.base.CharMatcher$AnyOf                                        : loaded 2 times (x 112B)
Class com.google.common.collect.ImmutableCollection                                   : loaded 2 times (x 125B)
Class org.gradle.api.internal.classpath.DefaultModuleRegistry                         : loaded 2 times (x 86B)
Class com.google.common.collect.Lists                                                 : loaded 2 times (x 71B)
Class com.google.common.util.concurrent.ListenableFuture                              : loaded 2 times (x 70B)
Class com.google.common.cache.ReferenceEntry                                          : loaded 2 times (x 70B)
Class com.google.common.base.Converter                                                : loaded 2 times (x 90B)
Class com.google.common.collect.ImmutableSet$CachingAsList                            : loaded 2 times (x 148B)
Class com.google.common.collect.AbstractMapBasedMultimap                              : loaded 2 times (x 139B)
Class com.google.common.util.concurrent.AbstractFuture                                : loaded 2 times (x 106B)
Class com.google.common.base.FunctionalEquivalence                                    : loaded 2 times (x 83B)
Class com.google.common.collect.Iterators$9                                           : loaded 2 times (x 81B)
Class com.google.common.collect.ImmutableAsList                                       : loaded 2 times (x 209B)
Class ijKotlinCoroutineJvmDebugInit1_3doq0wd6mmxkhuk4x2jk37ti                         : loaded 2 times (x 179B)
Class org.objectweb.asm.RecordComponentVisitor                                        : loaded 2 times (x 77B)
Class com.google.common.cache.CacheLoader$SupplierToCacheLoader                       : loaded 2 times (x 75B)
Class com.google.common.collect.Maps$EntryTransformer                                 : loaded 2 times (x 70B)
Class org.gradle.internal.service.ServiceLookupException                              : loaded 2 times (x 82B)
Class com.google.common.base.CharMatcher$JavaLetter                                   : loaded 2 times (x 111B)
Class com.google.common.collect.ImmutableSortedSet                                    : loaded 2 times (x 300B)
Class [Lcom.google.common.cache.LocalCache$EntryFactory;                              : loaded 2 times (x 69B)
Class org.gradle.internal.classloader.ClassLoaderFactory                              : loaded 2 times (x 70B)
Class com.google.common.collect.ImmutableMap$SerializedForm                           : loaded 2 times (x 73B)
Class com.google.common.base.CommonPattern                                            : loaded 2 times (x 74B)
Class com.google.common.cache.LocalCache$LocalManualCache                             : loaded 2 times (x 99B)
Class com.google.common.base.CharMatcher$IsNot                                        : loaded 2 times (x 111B)
Class org.gradle.internal.service.CachingServiceLocator                               : loaded 2 times (x 82B)
Class com.google.common.collect.RegularImmutableSortedSet                             : loaded 2 times (x 300B)
Class com.google.common.collect.AbstractMapBasedMultimap$KeySet                       : loaded 2 times (x 137B)
Class com.google.common.math.IntMath                                                  : loaded 2 times (x 71B)
Class com.google.common.collect.ImmutableMapEntry                                     : loaded 2 times (x 85B)
Class com.google.common.collect.ImmutableMultimap                                     : loaded 2 times (x 147B)
Class com.google.common.base.Equivalence                                              : loaded 2 times (x 82B)
Class com.google.common.base.Function                                                 : loaded 2 times (x 70B)
Class com.google.common.collect.ImmutableMapEntry$NonTerminalImmutableMapEntry        : loaded 2 times (x 85B)
Class com.google.common.cache.CacheBuilder$OneWeigher                                 : loaded 2 times (x 82B)
Class com.google.common.collect.RegularImmutableList                                  : loaded 2 times (x 213B)
Class org.gradle.internal.classloader.ClasspathUtil                                   : loaded 2 times (x 71B)
Class com.google.common.base.Charsets                                                 : loaded 2 times (x 71B)
Class com.google.common.util.concurrent.Uninterruptibles                              : loaded 2 times (x 71B)
Class com.google.common.collect.Maps                                                  : loaded 2 times (x 71B)
Class org.gradle.api.specs.Spec                                                       : loaded 2 times (x 70B)
Class [Lcom.google.common.collect.ImmutableEntry;                                     : loaded 2 times (x 69B)
Class com.google.common.cache.LocalCache$LoadingValueReference                        : loaded 2 times (x 96B)
Class com.google.common.collect.ObjectArrays                                          : loaded 2 times (x 71B)
Class com.google.common.base.Platform                                                 : loaded 2 times (x 71B)
Class com.google.common.collect.AbstractMapBasedMultimap$WrappedList                  : loaded 2 times (x 205B)
Class [Lorg.objectweb.asm.AnnotationWriter;                                           : loaded 2 times (x 69B)
Class com.google.common.collect.Maps$8                                                : loaded 2 times (x 82B)
Class com.google.common.collect.ImmutableRangeSet$Builder                             : loaded 2 times (x 77B)
Class com.google.common.collect.Sets$SetView                                          : loaded 2 times (x 138B)
Class com.google.common.cache.LocalCache$StrongValueReference                         : loaded 2 times (x 90B)
Class com.google.common.util.concurrent.AbstractFuture$SynchronizedHelper             : loaded 2 times (x 78B)
Class com.google.common.graph.SuccessorsFunction                                      : loaded 2 times (x 70B)
Class org.objectweb.asm.Type                                                          : loaded 2 times (x 72B)
Class org.gradle.internal.classloader.VisitableURLClassLoader$InstrumentingVisitableURLClassLoader: loaded 2 times (x 123B)
Class com.google.common.io.Files$FileByteSink                                         : loaded 2 times (x 77B)
Class org.objectweb.asm.ByteVector                                                    : loaded 2 times (x 79B)
Class [Lcom.google.common.cache.CacheBuilder$NullListener;                            : loaded 2 times (x 69B)
Class com.google.common.math.IntMath$1                                                : loaded 2 times (x 71B)
Class org.gradle.internal.classloader.VisitableURLClassLoader$Spec                    : loaded 2 times (x 74B)
Class org.gradle.internal.classpath.DefaultClassPath                                  : loaded 2 times (x 90B)
Class com.google.common.base.AbstractIterator                                         : loaded 2 times (x 80B)
Class org.objectweb.asm.Symbol                                                        : loaded 2 times (x 73B)
Class com.google.common.io.Closer                                                     : loaded 2 times (x 78B)
Class com.google.common.base.CharMatcher$Ascii                                        : loaded 2 times (x 112B)
Class com.google.common.base.CharMatcher$BitSetMatcher                                : loaded 2 times (x 112B)
Class com.google.common.collect.RegularImmutableMap$Values                            : loaded 2 times (x 207B)
Class com.google.common.collect.ImmutableSet                                          : loaded 2 times (x 145B)
Class org.gradle.internal.classloader.ClassLoaderSpec                                 : loaded 2 times (x 71B)
Class org.objectweb.asm.AnnotationWriter                                              : loaded 2 times (x 79B)
Class com.google.common.cache.CacheStats                                              : loaded 2 times (x 71B)
Class com.google.common.io.Closer$Suppressor                                          : loaded 2 times (x 70B)
Class com.google.common.io.LineProcessor                                              : loaded 2 times (x 70B)
Class org.objectweb.asm.RecordComponentWriter                                         : loaded 2 times (x 78B)
Class com.google.common.util.concurrent.AbstractFuture$Listener                       : loaded 2 times (x 72B)
Class com.google.common.base.CharMatcher$Or                                           : loaded 2 times (x 112B)
Class Settings_gradle$1$1                                                             : loaded 2 times (x 74B)
Class org.objectweb.asm.Attribute                                                     : loaded 2 times (x 77B)
Class com.google.common.base.Supplier                                                 : loaded 2 times (x 70B)
Class org.gradle.internal.classloader.VisitableURLClassLoader                         : loaded 2 times (x 117B)
Class com.google.common.util.concurrent.AbstractFuture$Waiter                         : loaded 2 times (x 72B)
Class Settings_gradle                                                                 : loaded 2 times (x 128B)
Class org.gradle.internal.Cast                                                        : loaded 2 times (x 71B)
Class org.gradle.api.Action                                                           : loaded 2 times (x 70B)
Class com.google.common.base.Strings                                                  : loaded 2 times (x 71B)
Class com.google.common.collect.Sets                                                  : loaded 2 times (x 71B)
Class org.objectweb.asm.Handler                                                       : loaded 2 times (x 72B)
Class com.google.common.base.Ticker                                                   : loaded 2 times (x 72B)
Class com.google.common.base.CharMatcher$FastMatcher                                  : loaded 2 times (x 111B)
Class [Lcom.google.common.cache.LocalCache$Segment;                                   : loaded 2 times (x 69B)
Class [Lcom.google.common.cache.LocalCache$Strength;                                  : loaded 2 times (x 69B)
Class com.google.common.cache.CacheBuilder$1                                          : loaded 2 times (x 85B)
Class com.google.common.base.Predicate                                                : loaded 2 times (x 70B)
Class com.google.common.collect.ImmutableMap                                          : loaded 2 times (x 120B)
Class org.gradle.internal.classpath.DefaultClassPath$ImmutableUniqueList$Builder      : loaded 2 times (x 75B)
Class com.google.common.collect.AbstractRangeSet                                      : loaded 2 times (x 114B)
Class com.google.common.cache.LocalCache                                              : loaded 2 times (x 187B)
Class com.google.common.cache.CacheBuilder$2                                          : loaded 2 times (x 79B)
Class com.google.common.base.CharMatcher$NegatedFastMatcher                           : loaded 2 times (x 113B)
Class com.google.common.collect.ArrayListMultimap                                     : loaded 2 times (x 172B)
Class com.google.common.cache.CacheBuilder$3                                          : loaded 2 times (x 72B)
Class [Lcom.google.common.collect.AbstractMapEntry;                                   : loaded 2 times (x 69B)
Class com.google.common.collect.ImmutableEntry                                        : loaded 2 times (x 82B)
Class org.gradle.api.GradleException                                                  : loaded 2 times (x 82B)
Class com.google.common.collect.CollectPreconditions                                  : loaded 2 times (x 71B)
Class [Lcom.google.common.io.FileWriteMode;                                           : loaded 2 times (x 69B)
Class com.google.common.collect.SortedMapDifference                                   : loaded 2 times (x 70B)
Class com.google.common.io.Files                                                      : loaded 2 times (x 71B)
Class com.google.common.cache.LocalCache$EntryFactory                                 : loaded 2 times (x 83B)
Class com.google.common.base.Splitter$1$1                                             : loaded 2 times (x 86B)
Class com.google.common.cache.LocalCache$AbstractReferenceEntry                       : loaded 2 times (x 107B)
Class org.gradle.internal.IoActions                                                   : loaded 2 times (x 71B)
Class com.google.common.collect.ImmutableRangeSet$ComplementRanges                    : loaded 2 times (x 207B)
Class org.objectweb.asm.SymbolTable                                                   : loaded 2 times (x 72B)
Class com.google.common.cache.CacheLoader$InvalidCacheLoadException                   : loaded 2 times (x 82B)
Class com.google.common.collect.ImmutableSet$RegularSetBuilderImpl                    : loaded 2 times (x 77B)
Class org.gradle.internal.classloader.SystemClassLoaderSpec                           : loaded 2 times (x 71B)
Class com.google.common.cache.LocalCache$StrongEntry                                  : loaded 2 times (x 108B)
Class com.google.common.util.concurrent.AbstractFuture$TrustedFuture                  : loaded 2 times (x 114B)
Class com.google.common.cache.LoadingCache                                            : loaded 2 times (x 70B)
Class org.objectweb.asm.MethodWriter                                                  : loaded 2 times (x 106B)
Class [Lcom.google.common.cache.Weigher;                                              : loaded 2 times (x 69B)
Class com.google.common.collect.RegularImmutableMap$BucketOverflowException           : loaded 2 times (x 82B)
Class com.google.common.collect.AbstractMapBasedMultimap$RandomAccessWrappedList      : loaded 2 times (x 205B)
Class com.google.common.collect.RegularImmutableBiMap                                 : loaded 2 times (x 149B)
Class com.google.common.cache.LocalCache$ValueReference                               : loaded 2 times (x 70B)
Class com.google.common.base.CharMatcher$Negated                                      : loaded 2 times (x 113B)
Class com.google.common.base.CharMatcher$Is                                           : loaded 2 times (x 111B)
Class com.google.common.base.PatternCompiler                                          : loaded 2 times (x 70B)
Class com.google.common.util.concurrent.AbstractFuture$Failure                        : loaded 2 times (x 72B)
Class com.google.common.base.Equivalence$Equals                                       : loaded 2 times (x 82B)
Class com.google.common.collect.Hashing                                               : loaded 2 times (x 71B)
Class com.google.common.base.Preconditions                                            : loaded 2 times (x 71B)
Class com.google.common.collect.ImmutableSetMultimap                                  : loaded 2 times (x 180B)
Class com.google.common.io.CharSink                                                   : loaded 2 times (x 79B)
Class com.google.common.base.Joiner$1                                                 : loaded 2 times (x 80B)
Class org.objectweb.asm.Label                                                         : loaded 2 times (x 73B)
Class org.objectweb.asm.CurrentFrame                                                  : loaded 2 times (x 73B)
Class org.objectweb.asm.ClassTooLargeException                                        : loaded 2 times (x 83B)
Class com.google.common.base.CharMatcher                                              : loaded 2 times (x 111B)
Class com.google.common.collect.PeekingIterator                                       : loaded 2 times (x 70B)
Class com.google.common.collect.Maps$IteratorBasedAbstractMap                         : loaded 2 times (x 125B)
Class com.google.common.collect.RangeGwtSerializationDependencies                     : loaded 2 times (x 71B)
Class com.google.common.collect.Table                                                 : loaded 2 times (x 70B)
Class com.google.common.base.Joiner$2                                                 : loaded 2 times (x 79B)
Class org.objectweb.asm.Frame                                                         : loaded 2 times (x 73B)
Class org.objectweb.asm.MethodVisitor                                                 : loaded 2 times (x 105B)
Class com.google.common.cache.LocalCache$EntryFactory$1                               : loaded 2 times (x 83B)
Class [Lcom.google.common.cache.RemovalListener;                                      : loaded 2 times (x 69B)
Class com.google.common.base.CharMatcher$NamedFastMatcher                             : loaded 2 times (x 112B)
Class com.google.common.base.CharMatcher$1                                            : loaded 2 times (x 113B)
Class com.google.common.collect.RangeSet                                              : loaded 2 times (x 70B)
Class com.google.common.cache.LocalCache$EntryFactory$2                               : loaded 2 times (x 83B)
Class org.gradle.api.internal.classpath.GlobalCacheRootsProvider                      : loaded 2 times (x 70B)
Class com.google.common.collect.CollectCollectors                                     : loaded 2 times (x 71B)
Class org.objectweb.asm.ModuleWriter                                                  : loaded 2 times (x 82B)
Class com.google.common.cache.LocalCache$EntryFactory$3                               : loaded 2 times (x 83B)
Class com.google.common.base.Ticker$1                                                 : loaded 2 times (x 72B)
Class com.google.common.collect.Maps$BiMapConverter                                   : loaded 2 times (x 90B)
Class com.google.common.collect.ImmutableMapEntrySet$RegularEntrySet                  : loaded 2 times (x 152B)
Class com.google.common.collect.SetMultimap                                           : loaded 2 times (x 70B)
Class com.google.common.cache.LocalCache$EntryFactory$4                               : loaded 2 times (x 83B)
Class com.google.common.base.CharMatcher$InRange                                      : loaded 2 times (x 111B)
Class com.google.common.collect.ImmutableSet$Builder                                  : loaded 2 times (x 85B)
Class com.google.common.cache.LocalCache$EntryFactory$5                               : loaded 2 times (x 83B)
Class com.google.common.base.PairwiseEquivalence                                      : loaded 2 times (x 83B)
Class com.google.common.cache.LocalCache$EntryFactory$6                               : loaded 2 times (x 83B)
Class org.gradle.internal.installation.CurrentGradleInstallationLocator               : loaded 2 times (x 71B)
Class com.google.common.collect.Maps$KeySet                                           : loaded 2 times (x 137B)
Class com.google.common.cache.LocalCache$EntryFactory$7                               : loaded 2 times (x 83B)
Class com.google.common.collect.ImmutableSet$EmptySetBuilderImpl                      : loaded 2 times (x 76B)
Class com.google.common.collect.ImmutableList                                         : loaded 2 times (x 206B)
Class org.gradle.internal.service.DefaultServiceLocator                               : loaded 2 times (x 83B)
Class com.google.common.cache.LocalCache$EntryFactory$8                               : loaded 2 times (x 83B)
Class com.google.common.collect.ImmutableSet$SetBuilderImpl                           : loaded 2 times (x 76B)
Class org.gradle.internal.installation.CurrentGradleInstallation                      : loaded 2 times (x 73B)
Class com.google.common.cache.CacheLoader$1                                           : loaded 2 times (x 75B)
Class com.google.common.collect.ForwardingObject                                      : loaded 2 times (x 72B)
Class com.google.common.collect.ImmutableList$SubList                                 : loaded 2 times (x 209B)
Class org.gradle.util.internal.GUtil                                                  : loaded 2 times (x 71B)
Class com.google.common.io.ByteSource                                                 : loaded 2 times (x 84B)
Class com.google.common.util.concurrent.AbstractFuture$SetFuture                      : loaded 2 times (x 75B)
Class com.google.common.cache.AbstractCache$StatsCounter                              : loaded 2 times (x 70B)
Class com.google.common.collect.Iterators$MergingIterator                             : loaded 2 times (x 81B)
Class com.google.common.collect.RegularImmutableSet                                   : loaded 2 times (x 149B)
Class org.gradle.internal.installation.GradleInstallation                             : loaded 2 times (x 75B)
Class com.google.common.base.Splitter$Strategy                                        : loaded 2 times (x 70B)
Class com.google.common.collect.Iterables                                             : loaded 2 times (x 71B)

---------------  S Y S T E M  ---------------

OS:
 Windows 11 , 64 bit Build 26100 (10.0.26100.7309)
OS uptime: 7 days 20:28 hours

CPU: total 8 (initial active 8) (4 cores per cpu, 2 threads per core) family 6 model 142 stepping 10 microcode 0xf6, cx8, cmov, fxsr, ht, mmx, 3dnowpref, sse, sse2, sse3, ssse3, sse4.1, sse4.2, popcnt, lzcnt, tsc, tscinvbit, avx, avx2, aes, erms, clmul, bmi1, bmi2, rtm, adx, fma, vzeroupper, clflush, clflushopt, rdtscp, f16c
Processor Information for the first 8 processors :
  Max Mhz: 1896, Current Mhz: 1696, Mhz Limit: 1687

Memory: 4k page, system-wide physical 16262M (1016M free)
TotalPageFile size 35261M (AvailPageFile size 12M)
current process WorkingSet (physical memory assigned to process): 540M, peak: 550M
current process commit charge ("private bytes"): 580M, peak: 589M

vm_info: OpenJDK 64-Bit Server VM (21.0.8+-14018985-b1038.68) for windows-amd64 JRE (21.0.8+-14018985-b1038.68), built on 2025-08-29T19:56:34Z by "builder" with MS VC++ 16.10 / 16.11 (VS2019)

END.
